-- phpMyAdmin SQL Dump
-- version 5.1.1
-- https://www.phpmyadmin.net/
--
-- 主机： localhost
-- 生成日期： 2024-11-02 13:36:48
-- 服务器版本： 8.0.24
-- PHP 版本： 7.4.33

SET SQL_MODE = "NO_AUTO_VALUE_ON_ZERO";
START TRANSACTION;
SET time_zone = "+00:00";


/*!40101 SET @OLD_CHARACTER_SET_CLIENT=@@CHARACTER_SET_CLIENT */;
/*!40101 SET @OLD_CHARACTER_SET_RESULTS=@@CHARACTER_SET_RESULTS */;
/*!40101 SET @OLD_COLLATION_CONNECTION=@@COLLATION_CONNECTION */;
/*!40101 SET NAMES utf8mb4 */;

--
-- 数据库： `webgame`
--

-- --------------------------------------------------------

--
-- 表的结构 `arenalog`
--

CREATE TABLE `arenalog` (
  `id` int UNSIGNED NOT NULL,
  `seasonid` smallint NOT NULL DEFAULT '0',
  `serverid` smallint UNSIGNED NOT NULL DEFAULT '0',
  `roleid` char(16) COLLATE utf8mb4_unicode_ci NOT NULL,
  `atkid` char(16) COLLATE utf8mb4_unicode_ci NOT NULL,
  `point` smallint NOT NULL DEFAULT '0',
  `time` datetime(3) NOT NULL DEFAULT CURRENT_TIMESTAMP(3),
  `state` smallint NOT NULL,
  `info` json NOT NULL,
  `updatedAt` datetime(3) NOT NULL DEFAULT CURRENT_TIMESTAMP(3)
) ENGINE=MyISAM DEFAULT CHARSET=utf8mb4 COLLATE=utf8mb4_unicode_ci;

--
-- 转存表中的数据 `arenalog`
--

INSERT INTO `arenalog` (`id`, `seasonid`, `serverid`, `roleid`, `atkid`, `point`, `time`, `state`, `info`, `updatedAt`) VALUES
(1, 1, 1, '174611116396581', '174859206438949', -38, '2024-11-02 09:36:39.000', 0, '{\"c\": \"1\", \"n\": \"依依不舍的安歌\", \"lv\": 37}', '2024-11-02 09:36:39.584');

-- --------------------------------------------------------

--
-- 表的结构 `arenarank`
--

CREATE TABLE `arenarank` (
  `id` char(16) COLLATE utf8mb4_unicode_ci NOT NULL,
  `serverid` smallint UNSIGNED NOT NULL DEFAULT '0',
  `p` smallint NOT NULL DEFAULT '0',
  `info` json NOT NULL,
  `updatedAt` datetime(3) NOT NULL DEFAULT CURRENT_TIMESTAMP(3)
) ENGINE=MyISAM DEFAULT CHARSET=utf8mb4 COLLATE=utf8mb4_unicode_ci;

--
-- 转存表中的数据 `arenarank`
--

INSERT INTO `arenarank` (`id`, `serverid`, `p`, `info`, `updatedAt`) VALUES
('174611116396581', 1, 962, '{\"c\": \"1\", \"f\": 567375, \"m\": 5, \"n\": \"舒服的睿博\", \"lg\": 1, \"lv\": 11, \"rh\": {\"101011\": {\"id\": 101011, \"curHP\": 114108, \"equip\": {\"1\": {\"id\": 10080, \"add\": {\"1\": {\"14\": 400}, \"2\": {\"19\": 400}}, \"eid\": \"174859189235749\", \"qid\": 7, \"bper\": 2500}, \"2\": {\"id\": \"20011\", \"add\": {\"1\": {\"11\": 350}}, \"eid\": \"174862048194597\", \"qid\": 2, \"bper\": 32}, \"3\": {\"id\": \"30008\", \"add\": {\"1\": {\"29\": 300}}, \"eid\": \"174861782151205\", \"qid\": 2, \"bper\": 31}, \"4\": {\"id\": 40085, \"add\": {\"1\": {\"14\": 450}, \"2\": {\"19\": 450}}, \"eid\": \"174859204657189\", \"qid\": 9, \"bper\": 3000}, \"5\": {\"id\": \"50009\", \"add\": {\"1\": {\"29\": 300}}, \"eid\": \"174861731717157\", \"qid\": 2, \"bper\": 35}, \"6\": {\"id\": \"60008\", \"add\": {\"1\": {\"29\": 300}, \"2\": {\"20\": 200}}, \"eid\": \"174861464084517\", \"qid\": 5, \"bper\": 19}}, \"fight\": 443201, \"skill\": {\"0\": {\"sid\": 3009001}}, \"fashion\": 6001}, \"102001\": {\"id\": 102001, \"equip\": {\"1\": {\"id\": \"10013\", \"eid\": \"174862072971301\", \"qid\": 1, \"bper\": 29}, \"2\": {\"id\": \"20010\", \"add\": {\"1\": {\"28\": 300}}, \"eid\": \"174861912637477\", \"qid\": 3, \"bper\": 6}, \"3\": {\"id\": \"30010\", \"add\": {\"1\": {\"29\": 300}}, \"eid\": \"174861926473765\", \"qid\": 2, \"bper\": 46}, \"4\": {\"id\": \"40012\", \"eid\": \"174861950459941\", \"qid\": 1, \"bper\": 47}, \"5\": {\"id\": \"50010\", \"add\": {\"1\": {\"11\": 300}}, \"eid\": \"174861974835237\", \"qid\": 4, \"bper\": 2}, \"6\": {\"id\": \"60010\", \"add\": {\"1\": {\"28\": 300}}, \"eid\": \"174861900943397\", \"qid\": 2, \"bper\": 19}}, \"fight\": 124174, \"skill\": {\"0\": {\"sid\": 3001001}}}}, \"obj\": 1}', '2024-11-02 09:37:30.010'),
('174830091157541', 1, 2844, '{\"c\": \"3\", \"f\": 68477669, \"m\": 191, \"n\": \"秦夕颜\", \"gh\": {\"id\": 2060, \"act\": [1, 2, 3, 4, 5, 6]}, \"lg\": 5, \"lv\": 81, \"rh\": {\"101081\": {\"id\": 101081, \"curHP\": 10894589, \"equip\": {\"1\": {\"id\": 10080, \"add\": {\"1\": {\"14\": 400}, \"2\": {\"19\": 400}}, \"eid\": \"174830849011749\", \"qid\": 7, \"bper\": 2500}, \"2\": {\"id\": \"20070\", \"add\": {\"1\": {\"19\": 700}, \"2\": {\"25\": 600}}, \"eid\": \"174905926459431\", \"qid\": 5, \"bper\": 21}, \"3\": {\"id\": \"30072\", \"add\": {\"1\": {\"11\": 800}, \"2\": {\"25\": 700}}, \"eid\": \"174905556377639\", \"qid\": 6, \"bper\": 1}, \"4\": {\"id\": 40085, \"add\": {\"1\": {\"14\": 450}, \"2\": {\"19\": 450}}, \"eid\": \"174830863032357\", \"qid\": 9, \"bper\": 3000}, \"5\": {\"id\": \"50070\", \"add\": {\"1\": {\"28\": 700}, \"2\": {\"25\": 600}}, \"eid\": \"174905421590565\", \"qid\": 6, \"bper\": 22}, \"6\": {\"id\": \"60072\", \"add\": {\"1\": {\"11\": 800}, \"2\": {\"25\": 700}}, \"eid\": \"174905556377640\", \"qid\": 6, \"bper\": 38}}, \"fight\": 24015556, \"fruit\": {\"1\": 163, \"2\": 16, \"4\": 123, \"7\": 126, \"8\": 35, \"10\": 162, \"11\": 16}, \"poslv\": {\"1\": 100, \"2\": 100, \"3\": 100, \"4\": 100, \"5\": 100, \"6\": 100}, \"skill\": {\"0\": {\"sid\": 3009010}, \"1\": {\"sid\": 1001010}, \"2\": {\"sid\": 2006010}, \"3\": {\"sid\": 3007010}}, \"fashion\": 6003, \"pkcards\": [400201]}, \"102071\": {\"id\": 102071, \"curHP\": 9848338, \"equip\": {\"1\": {\"id\": \"10071\", \"add\": {\"1\": {\"11\": 800}, \"2\": {\"18\": 700}}, \"eid\": \"174906096570407\", \"qid\": 8, \"bper\": 48}, \"2\": {\"id\": \"20069\", \"add\": {\"1\": {\"28\": 700}, \"2\": {\"25\": 600}}, \"eid\": \"174905908138021\", \"qid\": 5, \"bper\": 31}, \"3\": {\"id\": \"30069\", \"add\": {\"1\": {\"29\": 700}, \"2\": {\"30\": 600}}, \"eid\": \"174905744982054\", \"qid\": 7, \"bper\": 48}, \"4\": {\"id\": \"40071\", \"add\": {\"1\": {\"17\": 800}, \"2\": {\"25\": 700}}, \"eid\": \"174906034380837\", \"qid\": 6, \"bper\": 28}, \"5\": {\"id\": \"50070\", \"add\": {\"1\": {\"28\": 700}, \"2\": {\"25\": 600}}, \"eid\": \"174905908138022\", \"qid\": 6, \"bper\": 36}, \"6\": {\"id\": \"60071\", \"add\": {\"1\": {\"17\": 800}, \"2\": {\"25\": 700}}, \"eid\": \"174905730252837\", \"qid\": 5, \"bper\": 37}}, \"fight\": 21854981, \"fruit\": {\"1\": 30, \"4\": 30, \"7\": 31, \"10\": 30}, \"poslv\": {\"1\": 100, \"2\": 100, \"3\": 100, \"4\": 100, \"5\": 100, \"6\": 100}, \"skill\": {\"0\": {\"sid\": 3001010}, \"1\": {\"sid\": 2003010}, \"2\": {\"sid\": 2001010}, \"3\": {\"sid\": 3008010}}, \"fashion\": 6012, \"pkcards\": [400101]}, \"103071\": {\"id\": 103071, \"curHP\": 10179226, \"equip\": {\"1\": {\"id\": \"10072\", \"add\": {\"1\": {\"17\": 800}, \"2\": {\"25\": 700}}, \"eid\": \"174905573699624\", \"qid\": 5, \"bper\": 15}, \"2\": {\"id\": \"20070\", \"add\": {\"1\": {\"29\": 700}, \"2\": {\"25\": 600}}, \"eid\": \"174906059522086\", \"qid\": 5, \"bper\": 27}, \"3\": {\"id\": \"30071\", \"add\": {\"1\": {\"29\": 800}, \"2\": {\"25\": 700}}, \"eid\": \"174905827053608\", \"qid\": 7, \"bper\": 45}, \"4\": {\"id\": \"40070\", \"add\": {\"1\": {\"19\": 700}, \"2\": {\"25\": 600}}, \"eid\": \"174906009980965\", \"qid\": 6, \"bper\": 2}, \"5\": {\"id\": \"50070\", \"add\": {\"1\": {\"28\": 700}, \"2\": {\"25\": 600}}, \"eid\": \"174905702809637\", \"qid\": 8, \"bper\": 31}, \"6\": {\"id\": \"60072\", \"add\": {\"1\": {\"11\": 800}, \"2\": {\"25\": 700}}, \"eid\": \"174905767862313\", \"qid\": 5, \"bper\": 36}}, \"fight\": 22607132, \"fruit\": {\"1\": 186, \"4\": 181}, \"poslv\": {\"1\": 100, \"2\": 100, \"3\": 100, \"4\": 100, \"5\": 100, \"6\": 100}, \"skill\": {\"0\": {\"sid\": 1002010}, \"1\": {\"sid\": 1010010}, \"2\": {\"sid\": 1003010}, \"3\": {\"sid\": 2004008}}, \"fashion\": 6025, \"pkcards\": [404101]}}, \"obj\": 1}', '2024-11-02 06:15:30.005'),
('174859206438949', 1, 1795, '{\"c\": \"1\", \"f\": 3646488, \"m\": 20, \"n\": \"依依不舍的安歌\", \"gh\": {\"id\": 5029, \"act\": [1, 2, 3, 4, 5, 6]}, \"lg\": 3, \"lv\": 44, \"rh\": {\"101044\": {\"id\": 101044, \"curHP\": 0, \"equip\": {\"1\": {\"id\": 10080, \"add\": {\"1\": {\"14\": 400}, \"2\": {\"19\": 400}}, \"eid\": \"174860074508325\", \"qid\": 7, \"bper\": 2500}, \"2\": {\"id\": \"20038\", \"add\": {\"1\": {\"28\": 450}, \"2\": {\"25\": 350}}, \"eid\": \"174965932711973\", \"qid\": 7, \"bper\": 9}, \"3\": {\"id\": \"30043\", \"add\": {\"1\": {\"29\": 500}, \"2\": {\"18\": 400}}, \"eid\": \"174993240928293\", \"qid\": 5, \"bper\": 7}, \"4\": {\"id\": 40085, \"add\": {\"1\": {\"14\": 450}, \"2\": {\"19\": 450}}, \"eid\": \"174860089987109\", \"qid\": 9, \"bper\": 3000}, \"5\": {\"id\": \"50042\", \"add\": {\"1\": {\"14\": 500}, \"2\": {\"18\": 400}}, \"eid\": \"174993351888933\", \"qid\": 7, \"bper\": 49}, \"6\": {\"id\": \"60043\", \"add\": {\"1\": {\"11\": 500}, \"2\": {\"25\": 400}}, \"eid\": \"174993297420325\", \"qid\": 5, \"bper\": 4}}, \"fight\": 1506806, \"fruit\": {\"1\": 3}, \"poslv\": {\"1\": 20, \"2\": 20, \"3\": 20, \"4\": 20, \"5\": 20, \"6\": 20}, \"skill\": {\"0\": {\"sid\": 3009003}, \"1\": {\"sid\": 3008003}, \"2\": {\"sid\": 1001003}}, \"fashion\": 6002}, \"102033\": {\"id\": 102033, \"curHP\": 0, \"equip\": {\"1\": {\"id\": \"10043\", \"add\": {\"1\": {\"17\": 500}, \"2\": {\"20\": 400}}, \"eid\": \"174992809357349\", \"qid\": 6, \"bper\": 21}, \"2\": {\"id\": \"20043\", \"add\": {\"1\": {\"29\": 500}, \"2\": {\"20\": 400}}, \"eid\": \"174993152725029\", \"qid\": 7, \"bper\": 0}, \"3\": {\"id\": \"30043\", \"add\": {\"1\": {\"11\": 500}, \"2\": {\"25\": 400}}, \"eid\": \"174992443842597\", \"qid\": 5, \"bper\": 40}, \"4\": {\"id\": \"40043\", \"add\": {\"1\": {\"19\": 500}, \"2\": {\"12\": 400}}, \"eid\": \"174993198604325\", \"qid\": 5, \"bper\": 47}, \"5\": {\"id\": \"50045\", \"add\": {\"1\": {\"19\": 500}, \"2\": {\"30\": 400}}, \"eid\": \"174993555709989\", \"qid\": 6, \"bper\": 22}, \"6\": {\"id\": \"60039\", \"add\": {\"1\": {\"11\": 450}, \"2\": {\"20\": 350}}, \"eid\": \"174966396022821\", \"qid\": 9, \"bper\": 37}}, \"fight\": 1144935, \"poslv\": {\"1\": 20, \"2\": 20, \"3\": 20, \"4\": 20, \"5\": 19, \"6\": 19}, \"skill\": {\"0\": {\"sid\": 3001003}, \"1\": {\"sid\": 3007003}, \"2\": {\"sid\": 2006003}}, \"fashion\": 6012}, \"103033\": {\"id\": 103033, \"curHP\": 259852, \"equip\": {\"1\": {\"id\": \"10042\", \"add\": {\"1\": {\"28\": 500}, \"2\": {\"18\": 400}}, \"eid\": \"174967593783333\", \"qid\": 8, \"bper\": 44}, \"2\": {\"id\": \"20042\", \"add\": {\"1\": {\"17\": 500}, \"2\": {\"25\": 400}}, \"eid\": \"174993123876901\", \"qid\": 5, \"bper\": 10}, \"3\": {\"id\": \"30043\", \"add\": {\"1\": {\"17\": 500}, \"2\": {\"12\": 400}}, \"eid\": \"174992772366373\", \"qid\": 5, \"bper\": 45}, \"4\": {\"id\": \"40041\", \"add\": {\"1\": {\"29\": 500}, \"2\": {\"25\": 400}}, \"eid\": \"174967607545893\", \"qid\": 6, \"bper\": 1}, \"5\": {\"id\": \"50042\", \"add\": {\"1\": {\"29\": 500}, \"2\": {\"25\": 400}}, \"eid\": \"174993595449381\", \"qid\": 5, \"bper\": 5}, \"6\": {\"id\": \"60040\", \"add\": {\"1\": {\"11\": 450}, \"2\": {\"18\": 350}}, \"eid\": \"174992951709733\", \"qid\": 7, \"bper\": 2}}, \"fight\": 994747, \"fruit\": {\"1\": 185, \"4\": 180}, \"poslv\": {\"1\": 6, \"2\": 6, \"3\": 6, \"4\": 6, \"5\": 5, \"6\": 5}, \"skill\": {\"0\": {\"sid\": 1002003}, \"1\": {\"sid\": 2007004}, \"2\": {\"sid\": 1006003}}}}, \"obj\": 1}', '2024-11-02 11:32:30.005');

-- --------------------------------------------------------

--
-- 表的结构 `chatlog`
--

CREATE TABLE `chatlog` (
  `id` int UNSIGNED NOT NULL,
  `serverid` smallint UNSIGNED NOT NULL DEFAULT '0',
  `type` smallint UNSIGNED NOT NULL,
  `info` json NOT NULL,
  `createdAt` datetime(3) NOT NULL DEFAULT CURRENT_TIMESTAMP(3),
  `msg` varchar(191) COLLATE utf8mb4_unicode_ci NOT NULL,
  `sender` varchar(16) COLLATE utf8mb4_unicode_ci NOT NULL DEFAULT '',
  `target` varchar(16) COLLATE utf8mb4_unicode_ci NOT NULL DEFAULT ''
) ENGINE=MyISAM DEFAULT CHARSET=utf8mb4 COLLATE=utf8mb4_unicode_ci;

--
-- 转存表中的数据 `chatlog`
--

INSERT INTO `chatlog` (`id`, `serverid`, `type`, `info`, `createdAt`, `msg`, `sender`, `target`) VALUES
(1, 1, 1, '{\"c\": \"1\", \"n\": \"舒服的睿博\", \"lv\": 15, \"title\": 0}', '2024-11-02 10:58:49.586', '[#surprise]', '174611116396581', ''),
(2, 1, 1, '{\"c\": \"1\", \"n\": \"舒服的睿博\", \"lv\": 15, \"title\": 0}', '2024-11-02 10:58:54.725', '[#sigh]', '174611116396581', '');

-- --------------------------------------------------------

--
-- 表的结构 `crossarenalog`
--

CREATE TABLE `crossarenalog` (
  `id` int UNSIGNED NOT NULL,
  `seasonid` smallint NOT NULL DEFAULT '0',
  `crossServerid` smallint UNSIGNED NOT NULL DEFAULT '0',
  `serverid` smallint UNSIGNED NOT NULL DEFAULT '0',
  `roleid` char(16) COLLATE utf8mb4_unicode_ci NOT NULL,
  `atkid` char(16) COLLATE utf8mb4_unicode_ci NOT NULL,
  `point` smallint NOT NULL DEFAULT '0',
  `time` datetime(3) NOT NULL DEFAULT CURRENT_TIMESTAMP(3),
  `state` smallint NOT NULL,
  `info` json NOT NULL,
  `updatedAt` datetime(3) NOT NULL DEFAULT CURRENT_TIMESTAMP(3)
) ENGINE=MyISAM DEFAULT CHARSET=utf8mb4 COLLATE=utf8mb4_unicode_ci;

-- --------------------------------------------------------

--
-- 表的结构 `email`
--

CREATE TABLE `email` (
  `id` bigint UNSIGNED NOT NULL,
  `serverid` smallint UNSIGNED NOT NULL DEFAULT '0',
  `title` varchar(16) COLLATE utf8mb4_unicode_ci NOT NULL,
  `content` varchar(400) COLLATE utf8mb4_unicode_ci NOT NULL,
  `items` json NOT NULL,
  `state` smallint UNSIGNED NOT NULL,
  `sender` varchar(16) COLLATE utf8mb4_unicode_ci NOT NULL,
  `owner` varchar(16) COLLATE utf8mb4_unicode_ci NOT NULL,
  `time` datetime(3) NOT NULL
) ENGINE=MyISAM DEFAULT CHARSET=utf8mb4 COLLATE=utf8mb4_unicode_ci;

--
-- 转存表中的数据 `email`
--

INSERT INTO `email` (`id`, `serverid`, `title`, `content`, `items`, `state`, `sender`, `owner`, `time`) VALUES
(174980591587365, 1, 'GM邮件', '你查收邮件，自己不控制数量刷炸不理！', '[{\"i\": \"1001\", \"n\": \"1\"}]', 3, 'backend', '174611116396581', '2024-11-02 10:37:50.000'),
(174983780171813, 1, 'GM邮件', '你查收邮件，自己不控制数量刷炸不理！', '[{\"i\": \"1001\", \"n\": \"1\"}]', 3, 'backend', '174611116396581', '2024-11-02 10:50:49.000'),
(174983854993445, 1, 'GM邮件', '你查收邮件，自己不控制数量刷炸不理！', '[{\"i\": \"1001\", \"n\": \"1\"}]', 3, 'backend', '174611116396581', '2024-11-02 10:51:07.000'),
(174992850247717, 1, 'GM邮件', '你查收邮件，自己不控制数量刷炸不理！', '[{\"i\": \"1005\", \"n\": \"1000\"}]', 3, 'backend', '174611116396581', '2024-11-02 11:27:43.000'),
(174993061646373, 1, 'GM邮件', '你查收邮件，自己不控制数量刷炸不理！', '[{\"i\": \"1005\", \"n\": \"9999\"}]', 3, 'backend', '174611116396581', '2024-11-02 11:28:35.000'),
(174993074040869, 1, 'GM邮件', '你查收邮件，自己不控制数量刷炸不理！', '[{\"i\": \"1005\", \"n\": \"9999\"}]', 3, 'backend', '174611116396581', '2024-11-02 11:28:38.000'),
(174993084829733, 1, 'GM邮件', '你查收邮件，自己不控制数量刷炸不理！', '[{\"i\": \"1005\", \"n\": \"9999\"}]', 3, 'backend', '174611116396581', '2024-11-02 11:28:41.000'),
(174995257303077, 1, 'GM邮件', '你查收邮件，自己不控制数量刷炸不理！', '[{\"i\": \"1005\", \"n\": \"1\"}]', 3, 'backend', '174611116396581', '2024-11-02 11:37:31.000'),
(174995266854949, 1, 'GM邮件', '你查收邮件，自己不控制数量刷炸不理！', '[{\"i\": \"1005\", \"n\": \"1\"}]', 3, 'backend', '174611116396581', '2024-11-02 11:37:33.000'),
(174995454890021, 1, 'GM邮件', '你查收邮件，自己不控制数量刷炸不理！', '[{\"i\": \"1002\", \"n\": \"9999\"}]', 3, 'backend', '174611116396581', '2024-11-02 11:38:19.000'),
(174995463626789, 1, 'GM邮件', '你查收邮件，自己不控制数量刷炸不理！', '[{\"i\": \"1002\", \"n\": \"9999\"}]', 3, 'backend', '174611116396581', '2024-11-02 11:38:21.000'),
(174998738984997, 1, 'GM邮件', '你查收邮件，自己不控制数量刷炸不理！', '[{\"i\": \"1019\", \"n\": \"9999\"}]', 3, 'backend', '174611116396581', '2024-11-02 11:51:41.000'),
(174998842490917, 1, 'GM邮件', '你查收邮件，自己不控制数量刷炸不理！', '[{\"i\": \"1019\", \"n\": \"9999\"}]', 3, 'backend', '174611116396581', '2024-11-02 11:52:06.000'),
(174998932779045, 1, 'GM邮件', '你查收邮件，自己不控制数量刷炸不理！', '[{\"i\": \"1019\", \"n\": \"9999\"}]', 3, 'backend', '174611116396581', '2024-11-02 11:52:28.000'),
(174998945280037, 1, 'GM邮件', '你查收邮件，自己不控制数量刷炸不理！', '[{\"i\": \"1019\", \"n\": \"9999\"}]', 3, 'backend', '174611116396581', '2024-11-02 11:52:31.000'),
(174999954108453, 1, 'GM邮件', '你查收邮件，自己不控制数量刷炸不理！', '[{\"i\": \"6013\", \"n\": \"1\"}]', 3, 'backend', '174611116396581', '2024-11-02 11:56:38.000'),
(175000841904165, 1, 'GM邮件', '你查收邮件，自己不控制数量刷炸不理！', '[{\"i\": \"6025\", \"n\": \"1\"}]', 3, 'backend', '174611116396581', '2024-11-02 12:00:14.000');

-- --------------------------------------------------------

--
-- 表的结构 `gamerank`
--

CREATE TABLE `gamerank` (
  `id` int UNSIGNED NOT NULL,
  `type` smallint UNSIGNED NOT NULL,
  `roleid` char(16) COLLATE utf8mb4_unicode_ci NOT NULL,
  `serverid` smallint UNSIGNED NOT NULL DEFAULT '0',
  `val` int NOT NULL DEFAULT '0',
  `info` json NOT NULL,
  `updatedAt` datetime(3) NOT NULL DEFAULT CURRENT_TIMESTAMP(3)
) ENGINE=MyISAM DEFAULT CHARSET=utf8mb4 COLLATE=utf8mb4_unicode_ci;

--
-- 转存表中的数据 `gamerank`
--

INSERT INTO `gamerank` (`id`, `type`, `roleid`, `serverid`, `val`, `info`, `updatedAt`) VALUES
(1, 0, '174611116396581', 1, 23, '{\"n\": \"舒服的睿博\", \"r\": 3}', '2024-11-02 11:53:30.006'),
(2, 0, '174830091157541', 1, 97, '{\"n\": \"秦夕颜\", \"r\": 1}', '2024-11-02 06:27:30.006'),
(3, 1, '174830091157541', 1, 10080, '{\"n\": \"秦夕颜\", \"r\": 1}', '2024-11-02 06:00:00.006'),
(4, 4, '174830091157541', 1, 50040, '{\"n\": \"秦夕颜\", \"r\": 1}', '2024-11-02 06:02:00.010'),
(5, 0, '174859206438949', 1, 61, '{\"n\": \"依依不舍的安歌\", \"r\": 2}', '2024-11-02 10:25:00.008'),
(6, 1, '174859206438949', 1, 10008, '{\"n\": \"依依不舍的安歌\", \"r\": 2}', '2024-11-02 11:34:00.011'),
(7, 3, '174830091157541', 1, 251235723, '{\"n\": \"秦夕颜\", \"r\": 1}', '2024-11-02 05:12:00.008'),
(8, 5, '174830091157541', 1, 2, '{\"n\": \"秦夕颜\", \"r\": 1}', '2024-11-02 06:17:00.007'),
(9, 4, '174859206438949', 1, 50003, '{\"n\": \"依依不舍的安歌\", \"r\": 2}', '2024-11-02 10:19:30.007'),
(10, 0, '174991351717925', 1, 13, '{\"n\": \"肃立的书白\", \"r\": 4}', '2024-11-02 11:59:30.005'),
(11, 0, '174990842449957', 1, 4, '{\"n\": \"忧郁的水心\", \"r\": 4}', '2024-11-02 11:28:00.007'),
(12, 0, '174994216882213', 1, 10, '{\"n\": \"抉择的鸿晖\", \"r\": 5}', '2024-11-02 13:10:30.007'),
(13, 0, '175002015010853', 1, 3, '{\"n\": \"风花雪月的羽丰\", \"r\": 6}', '2024-11-02 12:07:00.007');

-- --------------------------------------------------------

--
-- 表的结构 `guild`
--

CREATE TABLE `guild` (
  `id` int UNSIGNED NOT NULL,
  `serverid` smallint UNSIGNED NOT NULL DEFAULT '0',
  `crossServerid` smallint UNSIGNED NOT NULL DEFAULT '0',
  `guildid` char(16) COLLATE utf8mb4_unicode_ci NOT NULL,
  `name` varchar(16) COLLATE utf8mb4_unicode_ci NOT NULL DEFAULT '',
  `info` json NOT NULL,
  `createdAt` datetime(3) NOT NULL DEFAULT CURRENT_TIMESTAMP(3)
) ENGINE=MyISAM DEFAULT CHARSET=utf8mb4 COLLATE=utf8mb4_unicode_ci;

--
-- 转存表中的数据 `guild`
--

INSERT INTO `guild` (`id`, `serverid`, `crossServerid`, `guildid`, `name`, `info`, `createdAt`) VALUES
(1, 1, 0, '174843870375973', '一锤定音', '{\"af\": 2274109, \"exp\": 0, \"log\": [{\"str\": \"胎生的鸿禧创建公会\", \"time\": \"2024-11-02T01:21:31+08:00\"}], \"desc\": \"\", \"flag\": 1, \"open\": 1, \"rank\": 1, \"level\": 1, \"member\": [{\"id\": \"174830091157541\", \"lg\": 2, \"lv\": 45, \"ico\": \"1\", \"llt\": \"2024-11-02T01:14:12+08:00\", \"name\": \"胎生的鸿禧\", \"post\": 1, \"allgx\": 0, \"daygx\": 0, \"fight\": 2274109}], \"notice\": \"\", \"liveness\": 50, \"unMember\": []}', '2024-11-01 18:16:00.009');

-- --------------------------------------------------------

--
-- 表的结构 `role`
--

CREATE TABLE `role` (
  `id` char(16) COLLATE utf8mb4_unicode_ci NOT NULL,
  `userid` varchar(64) COLLATE utf8mb4_unicode_ci NOT NULL,
  `name` varchar(18) COLLATE utf8mb4_unicode_ci NOT NULL,
  `serverid` smallint UNSIGNED NOT NULL DEFAULT '0',
  `createdAt` datetime(3) NOT NULL DEFAULT CURRENT_TIMESTAMP(3),
  `updatedAt` datetime(3) NOT NULL DEFAULT CURRENT_TIMESTAMP(3),
  `status` smallint UNSIGNED NOT NULL DEFAULT '0',
  `originServerid` smallint UNSIGNED NOT NULL DEFAULT '0',
  `isng` varchar(20) COLLATE utf8mb4_unicode_ci DEFAULT NULL
) ENGINE=MyISAM DEFAULT CHARSET=utf8mb4 COLLATE=utf8mb4_unicode_ci;

--
-- 转存表中的数据 `role`
--

INSERT INTO `role` (`id`, `userid`, `name`, `serverid`, `createdAt`, `updatedAt`, `status`, `originServerid`, `isng`) VALUES
('174611116396581', 'aa123123', '舒服的睿博', 1, '2024-11-01 09:34:27.089', '2024-11-02 13:11:56.002', 0, 1, ''),
('174617442312229', '66t', '心慌意乱的伟兆', 1, '2024-11-01 10:00:11.502', '2024-11-01 10:00:11.502', 0, 1, NULL),
('174621752082469', 'xk1161', '暗送秋波的访枫', 1, '2024-11-01 10:17:43.692', '2024-11-01 10:17:43.692', 0, 1, NULL),
('174622294884389', 'd123456', '敬仰的锋运', 1, '2024-11-01 10:19:56.212', '2024-11-01 10:19:56.212', 0, 1, NULL),
('174656230735909', '12331', '容光焕发的翰锐', 1, '2024-11-01 12:38:01.332', '2024-11-01 12:38:01.332', 0, 1, NULL),
('174656877768741', 'hhh123', '欢呼雀跃的高轩', 1, '2024-11-01 12:40:39.299', '2024-11-01 12:40:39.299', 0, 1, NULL),
('174661026070565', 'wuguiorz', '舍本求末的初阳', 1, '2024-11-01 12:57:32.068', '2024-11-01 12:57:32.068', 0, 1, NULL),
('174668269428773', 'ywd0424', '面面相觑的锐阵', 1, '2024-11-01 13:27:00.466', '2024-11-01 13:27:00.466', 0, 1, NULL),
('174668719435813', 'a123123', '溪流的冷亦', 1, '2024-11-01 13:28:50.331', '2024-11-01 13:28:50.331', 0, 1, NULL),
('174672660287525', '123456', '负荆请罪的运晟', 1, '2024-11-01 13:44:52.453', '2024-11-01 13:44:52.453', 0, 1, NULL),
('174677618221093', 'jmhevqt', '沙里淘金的博超', 1, '2024-11-01 14:05:02.886', '2024-11-01 14:05:02.886', 0, 1, NULL),
('174746023329829', '13484089050', '求同存异的烨烨', 1, '2024-11-01 18:43:23.352', '2024-11-01 18:43:23.352', 0, 1, NULL),
('174830091157541', 'scs123456', '秦夕颜', 1, '2024-11-02 00:25:27.724', '2024-11-02 06:28:46.002', 0, 1, NULL),
('174859206438949', 'xy0921', '依依不舍的安歌', 1, '2024-11-02 02:23:55.947', '2024-11-02 12:12:16.001', 0, 1, NULL),
('174990842449957', 'zuan123', '忧郁的水心', 1, '2024-11-02 11:19:33.645', '2024-11-02 11:27:46.014', 0, 1, NULL),
('174991351717925', 'a112233', '肃立的书白', 1, '2024-11-02 11:21:37.978', '2024-11-02 12:07:36.010', 0, 1, NULL),
('174994216882213', '147896', '抉择的鸿晖', 1, '2024-11-02 11:33:17.481', '2024-11-02 13:35:41.002', 0, 1, NULL),
('175002015010853', 'xy1990', '风花雪月的羽丰', 1, '2024-11-02 12:05:01.321', '2024-11-02 12:09:11.010', 0, 1, NULL),
('175002477776933', '1232233', '风调雨顺的翰驰', 1, '2024-11-02 12:06:54.301', '2024-11-02 12:09:11.001', 0, 1, NULL);

-- --------------------------------------------------------

--
-- 表的结构 `roleequip`
--

CREATE TABLE `roleequip` (
  `id` char(16) COLLATE utf8mb4_unicode_ci NOT NULL,
  `info` json NOT NULL,
  `updatedAt` datetime(3) NOT NULL DEFAULT CURRENT_TIMESTAMP(3),
  `serverid` smallint UNSIGNED NOT NULL DEFAULT '1'
) ENGINE=MyISAM DEFAULT CHARSET=utf8mb4 COLLATE=utf8mb4_unicode_ci;

--
-- 转存表中的数据 `roleequip`
--

INSERT INTO `roleequip` (`id`, `info`, `updatedAt`, `serverid`) VALUES
('174611116396581', '{}', '2024-11-02 13:11:56.002', 1),
('174617442312229', '{}', '2024-11-01 10:00:11.526', 1),
('174621752082469', '{}', '2024-11-01 10:17:43.710', 1),
('174622294884389', '{}', '2024-11-01 10:19:56.231', 1),
('174656230735909', '{}', '2024-11-01 12:38:01.347', 1),
('174656877768741', '{}', '2024-11-01 12:40:39.307', 1),
('174661026070565', '{}', '2024-11-01 12:57:32.076', 1),
('174668269428773', '{}', '2024-11-01 13:27:00.474', 1),
('174668719435813', '{}', '2024-11-01 13:28:50.337', 1),
('174672660287525', '{}', '2024-11-01 13:44:52.463', 1),
('174677618221093', '{}', '2024-11-01 14:05:02.892', 1),
('174746023329829', '{}', '2024-11-01 18:43:23.358', 1),
('174830091157541', '{}', '2024-11-02 06:28:46.002', 1),
('174859206438949', '{}', '2024-11-02 12:12:16.001', 1),
('174990842449957', '{}', '2024-11-02 11:27:46.014', 1),
('174991351717925', '{\"174996331167781\": {\"id\": \"50010\", \"eid\": \"174996331167781\", \"qid\": 1, \"bper\": 7}, \"174996397666341\": {\"id\": \"50008\", \"add\": {\"1\": {\"11\": 300}}, \"eid\": \"174996397666341\", \"qid\": 2, \"bper\": 40}, \"174996420046885\": {\"id\": \"50010\", \"eid\": \"174996420046885\", \"qid\": 1, \"bper\": 7}, \"174996481949733\": {\"id\": \"50012\", \"eid\": \"174996481949733\", \"qid\": 1, \"bper\": 15}, \"174996510511141\": {\"id\": \"60011\", \"eid\": \"174996510511141\", \"qid\": 1, \"bper\": 42}, \"174996536537125\": {\"id\": \"10010\", \"add\": {\"1\": {\"17\": 300}}, \"eid\": \"174996536537125\", \"qid\": 2, \"bper\": 7}, \"174996555784229\": {\"id\": \"30010\", \"eid\": \"174996555784229\", \"qid\": 1, \"bper\": 32}}', '2024-11-02 12:07:36.010', 1),
('174994216882213', '{}', '2024-11-02 13:35:41.002', 1),
('175002015010853', '{}', '2024-11-02 12:09:11.010', 1),
('175002477776933', '{}', '2024-11-02 12:09:11.001', 1);

-- --------------------------------------------------------

--
-- 表的结构 `rolehero`
--

CREATE TABLE `rolehero` (
  `id` char(16) COLLATE utf8mb4_unicode_ci NOT NULL,
  `info` json NOT NULL,
  `updatedAt` datetime(3) NOT NULL DEFAULT CURRENT_TIMESTAMP(3),
  `serverid` smallint UNSIGNED NOT NULL DEFAULT '1'
) ENGINE=MyISAM DEFAULT CHARSET=utf8mb4 COLLATE=utf8mb4_unicode_ci;

--
-- 转存表中的数据 `rolehero`
--

INSERT INTO `rolehero` (`id`, `info`, `updatedAt`, `serverid`) VALUES
('174611116396581', '{\"101017\": {\"id\": 101017, \"curHP\": 108549, \"equip\": {\"1\": {\"id\": 10080, \"add\": {\"1\": {\"14\": 400}, \"2\": {\"19\": 400}}, \"eid\": \"174859189235749\", \"qid\": 7, \"bper\": 2500}, \"2\": {\"id\": \"20017\", \"add\": {\"1\": {\"19\": 350}, \"2\": {\"30\": 250}}, \"eid\": \"174993528741925\", \"qid\": 5, \"bper\": 18}, \"3\": {\"id\": \"30018\", \"add\": {\"1\": {\"29\": 350}, \"2\": {\"30\": 250}}, \"eid\": \"174993677336613\", \"qid\": 6, \"bper\": 40}, \"4\": {\"id\": 40085, \"add\": {\"1\": {\"14\": 450}, \"2\": {\"19\": 450}}, \"eid\": \"174859204657189\", \"qid\": 9, \"bper\": 3000}, \"5\": {\"id\": \"50018\", \"add\": {\"1\": {\"19\": 350}, \"2\": {\"18\": 250}}, \"eid\": \"174996973514789\", \"qid\": 6, \"bper\": 12}, \"6\": {\"id\": \"60019\", \"add\": {\"1\": {\"14\": 350}}, \"eid\": \"175001487945765\", \"qid\": 3, \"bper\": 48}}, \"fight\": 659961, \"poslv\": {\"1\": 13, \"2\": 12, \"3\": 12, \"4\": 12, \"5\": 11, \"6\": 11}, \"skill\": {\"0\": {\"sid\": 3009001}}, \"fashion\": 6002}, \"102017\": {\"curHP\": 0, \"equip\": {\"1\": {\"id\": \"10015\", \"add\": {\"1\": {\"29\": 350}, \"2\": {\"18\": 250}}, \"eid\": \"174993628921893\", \"qid\": 6, \"bper\": 38}, \"2\": {\"id\": \"20015\", \"add\": {\"1\": {\"14\": 350}, \"2\": {\"12\": 250}}, \"eid\": \"174993335164965\", \"qid\": 5, \"bper\": 15}, \"3\": {\"id\": \"30017\", \"add\": {\"1\": {\"14\": 350}, \"2\": {\"12\": 250}}, \"eid\": \"174993849430053\", \"qid\": 8, \"bper\": 33}, \"4\": {\"id\": \"40018\", \"add\": {\"1\": {\"14\": 350}, \"2\": {\"20\": 250}}, \"eid\": \"174996444188709\", \"qid\": 6, \"bper\": 44}, \"5\": {\"id\": \"50015\", \"add\": {\"1\": {\"11\": 350}, \"2\": {\"25\": 250}}, \"eid\": \"174993710075941\", \"qid\": 6, \"bper\": 41}, \"6\": {\"id\": \"60019\", \"add\": {\"1\": {\"14\": 350}}, \"eid\": \"175001448927269\", \"qid\": 4, \"bper\": 27}}, \"fight\": 398568, \"poslv\": {\"1\": 13, \"2\": 13, \"3\": 13, \"4\": 13, \"5\": 13, \"6\": 13}, \"skill\": {\"0\": {\"sid\": 3001001}}, \"fashion\": 6013}}', '2024-11-02 13:11:56.002', 1),
('174617442312229', '{\"101001\": {\"skill\": {\"0\": {\"sid\": 3009001}}}}', '2024-11-01 10:00:11.510', 1),
('174621752082469', '{\"101001\": {\"skill\": {\"0\": {\"sid\": 3009001}}}}', '2024-11-01 10:17:43.696', 1),
('174622294884389', '{\"101001\": {\"skill\": {\"0\": {\"sid\": 3009001}}}}', '2024-11-01 10:19:56.217', 1),
('174656230735909', '{\"101001\": {\"skill\": {\"0\": {\"sid\": 3009001}}}}', '2024-11-01 12:38:01.335', 1),
('174656877768741', '{\"101001\": {\"skill\": {\"0\": {\"sid\": 3009001}}}}', '2024-11-01 12:40:39.302', 1),
('174661026070565', '{\"101001\": {\"skill\": {\"0\": {\"sid\": 3009001}}}}', '2024-11-01 12:57:32.071', 1),
('174668269428773', '{\"101001\": {\"skill\": {\"0\": {\"sid\": 3009001}}}}', '2024-11-01 13:27:00.468', 1),
('174668719435813', '{\"101001\": {\"skill\": {\"0\": {\"sid\": 3009001}}}}', '2024-11-01 13:28:50.333', 1),
('174672660287525', '{\"101001\": {\"skill\": {\"0\": {\"sid\": 3009001}}}}', '2024-11-01 13:44:52.455', 1),
('174677618221093', '{\"101001\": {\"skill\": {\"0\": {\"sid\": 3009001}}}}', '2024-11-01 14:05:02.887', 1),
('174746023329829', '{\"101001\": {\"skill\": {\"0\": {\"sid\": 3009001}}}}', '2024-11-01 18:43:23.354', 1),
('174830091157541', '{\"101083\": {\"id\": 101083, \"curHP\": 11065495, \"equip\": {\"1\": {\"id\": 10080, \"add\": {\"1\": {\"14\": 400}, \"2\": {\"19\": 400}}, \"eid\": \"174830849011749\", \"qid\": 7, \"bper\": 2500}, \"2\": {\"id\": \"20082\", \"add\": {\"1\": {\"28\": 900}, \"2\": {\"25\": 800}}, \"eid\": \"174917452726309\", \"qid\": 7, \"bper\": 38}, \"3\": {\"id\": \"30082\", \"add\": {\"1\": {\"29\": 900}, \"2\": {\"25\": 800}}, \"eid\": \"174917151801381\", \"qid\": 6, \"bper\": 9}, \"4\": {\"id\": 40085, \"add\": {\"1\": {\"14\": 450}, \"2\": {\"19\": 450}}, \"eid\": \"174830863032357\", \"qid\": 9, \"bper\": 3000}, \"5\": {\"id\": \"50084\", \"add\": {\"1\": {\"19\": 900}, \"2\": {\"25\": 800}}, \"eid\": \"174917252173862\", \"qid\": 6, \"bper\": 41}, \"6\": {\"id\": \"60081\", \"add\": {\"1\": {\"14\": 900}, \"2\": {\"25\": 800}}, \"eid\": \"174916971450406\", \"qid\": 5, \"bper\": 45}}, \"fight\": 24239870, \"fruit\": {\"1\": 163, \"2\": 16, \"4\": 123, \"7\": 127, \"8\": 35, \"10\": 163, \"11\": 16}, \"poslv\": {\"1\": 100, \"2\": 100, \"3\": 100, \"4\": 100, \"5\": 100, \"6\": 100}, \"skill\": {\"0\": {\"sid\": 3009010}, \"1\": {\"sid\": 1001010}, \"2\": {\"sid\": 2006010}, \"3\": {\"sid\": 3007010}}, \"fashion\": 6003, \"pkcards\": [400201]}, \"102081\": {\"id\": 102081, \"curHP\": 10471263, \"equip\": {\"1\": {\"id\": \"10081\", \"add\": {\"1\": {\"19\": 900}, \"2\": {\"15\": 800}}, \"eid\": \"174916524994598\", \"qid\": 9, \"bper\": 20}, \"2\": {\"id\": \"20082\", \"add\": {\"1\": {\"28\": 900}, \"2\": {\"25\": 800}}, \"eid\": \"174916828532775\", \"qid\": 7, \"bper\": 31}, \"3\": {\"id\": \"30082\", \"add\": {\"1\": {\"28\": 900}, \"2\": {\"25\": 800}}, \"eid\": \"174917338714152\", \"qid\": 6, \"bper\": 21}, \"4\": {\"id\": \"40082\", \"add\": {\"1\": {\"29\": 900}, \"2\": {\"25\": 800}}, \"eid\": \"174917370220581\", \"qid\": 6, \"bper\": 30}, \"5\": {\"id\": \"50082\", \"add\": {\"1\": {\"19\": 900}, \"2\": {\"25\": 800}}, \"eid\": \"174917477163047\", \"qid\": 6, \"bper\": 48}, \"6\": {\"id\": \"60081\", \"add\": {\"1\": {\"29\": 900}, \"2\": {\"25\": 800}}, \"eid\": \"174917165547557\", \"qid\": 6, \"bper\": 2}}, \"fight\": 23139441, \"fruit\": {\"1\": 30, \"4\": 30, \"7\": 31, \"10\": 30}, \"poslv\": {\"1\": 100, \"2\": 100, \"3\": 100, \"4\": 100, \"5\": 100, \"6\": 100}, \"skill\": {\"0\": {\"sid\": 3001010}, \"1\": {\"sid\": 2003010}, \"2\": {\"sid\": 2001010}, \"3\": {\"sid\": 3008010}}, \"fashion\": 6015, \"pkcards\": [400101]}, \"103081\": {\"id\": 103081, \"curHP\": 10463644, \"equip\": {\"1\": {\"id\": \"10080\", \"add\": {\"1\": {\"29\": 800}, \"2\": {\"25\": 700}}, \"eid\": \"174916580397094\", \"qid\": 6, \"bper\": 27}, \"2\": {\"id\": \"20083\", \"add\": {\"1\": {\"19\": 900}, \"2\": {\"25\": 800}}, \"eid\": \"174917338714150\", \"qid\": 5, \"bper\": 27}, \"3\": {\"id\": \"30082\", \"add\": {\"1\": {\"19\": 900}, \"2\": {\"25\": 800}}, \"eid\": \"174917402066981\", \"qid\": 5, \"bper\": 23}, \"4\": {\"id\": \"40083\", \"add\": {\"1\": {\"28\": 900}, \"2\": {\"25\": 800}}, \"eid\": \"174916580397095\", \"qid\": 6, \"bper\": 10}, \"5\": {\"id\": \"50083\", \"add\": {\"1\": {\"19\": 900}, \"2\": {\"25\": 800}}, \"eid\": \"174917057736743\", \"qid\": 6, \"bper\": 34}, \"6\": {\"id\": \"60082\", \"add\": {\"1\": {\"11\": 900}, \"2\": {\"25\": 800}}, \"eid\": \"174917311336485\", \"qid\": 5, \"bper\": 35}}, \"fight\": 23064827, \"fruit\": {\"1\": 186, \"4\": 181}, \"poslv\": {\"1\": 100, \"2\": 100, \"3\": 100, \"4\": 100, \"5\": 100, \"6\": 100}, \"skill\": {\"0\": {\"sid\": 1002010}, \"1\": {\"sid\": 1010010}, \"2\": {\"sid\": 1003010}, \"3\": {\"sid\": 2004008}}, \"fashion\": 6025, \"pkcards\": [404101]}}', '2024-11-02 06:28:46.002', 1),
('174859206438949', '{\"101044\": {\"id\": 101044, \"curHP\": 0, \"equip\": {\"1\": {\"id\": 10080, \"add\": {\"1\": {\"14\": 400}, \"2\": {\"19\": 400}}, \"eid\": \"174860074508325\", \"qid\": 7, \"bper\": 2500}, \"2\": {\"id\": \"20038\", \"add\": {\"1\": {\"28\": 450}, \"2\": {\"25\": 350}}, \"eid\": \"174965932711973\", \"qid\": 7, \"bper\": 9}, \"3\": {\"id\": \"30045\", \"add\": {\"1\": {\"11\": 500}, \"2\": {\"15\": 400}}, \"eid\": \"174994082816037\", \"qid\": 5, \"bper\": 38}, \"4\": {\"id\": 40085, \"add\": {\"1\": {\"14\": 450}, \"2\": {\"19\": 450}}, \"eid\": \"174860089987109\", \"qid\": 9, \"bper\": 3000}, \"5\": {\"id\": \"50042\", \"add\": {\"1\": {\"14\": 500}, \"2\": {\"18\": 400}}, \"eid\": \"174993351888933\", \"qid\": 7, \"bper\": 49}, \"6\": {\"id\": \"60043\", \"add\": {\"1\": {\"11\": 500}, \"2\": {\"25\": 400}}, \"eid\": \"174993297420325\", \"qid\": 5, \"bper\": 4}}, \"fight\": 1521680, \"fruit\": {\"1\": 3}, \"poslv\": {\"1\": 21, \"2\": 21, \"3\": 21, \"4\": 20, \"5\": 20, \"6\": 20}, \"skill\": {\"0\": {\"sid\": 3009003}, \"1\": {\"sid\": 3008003}, \"2\": {\"sid\": 1001003}}, \"fashion\": 6002}, \"102044\": {\"id\": 102044, \"curHP\": 0, \"equip\": {\"1\": {\"id\": \"10043\", \"add\": {\"1\": {\"17\": 500}, \"2\": {\"20\": 400}}, \"eid\": \"174992809357349\", \"qid\": 6, \"bper\": 21}, \"2\": {\"id\": \"20043\", \"add\": {\"1\": {\"29\": 500}, \"2\": {\"20\": 400}}, \"eid\": \"174993152725029\", \"qid\": 7, \"bper\": 0}, \"3\": {\"id\": \"30043\", \"add\": {\"1\": {\"11\": 500}, \"2\": {\"25\": 400}}, \"eid\": \"174992443842597\", \"qid\": 5, \"bper\": 40}, \"4\": {\"id\": \"40045\", \"add\": {\"1\": {\"19\": 500}, \"2\": {\"12\": 400}}, \"eid\": \"174994074066981\", \"qid\": 5, \"bper\": 9}, \"5\": {\"id\": \"50045\", \"add\": {\"1\": {\"19\": 500}, \"2\": {\"30\": 400}}, \"eid\": \"174993555709989\", \"qid\": 6, \"bper\": 22}, \"6\": {\"id\": \"60039\", \"add\": {\"1\": {\"11\": 450}, \"2\": {\"20\": 350}}, \"eid\": \"174966396022821\", \"qid\": 9, \"bper\": 37}}, \"fight\": 1190251, \"poslv\": {\"1\": 20, \"2\": 20, \"3\": 20, \"4\": 20, \"5\": 19, \"6\": 19}, \"skill\": {\"0\": {\"sid\": 3001003}, \"1\": {\"sid\": 3007003}, \"2\": {\"sid\": 2006003}}, \"fashion\": 6012}, \"103044\": {\"id\": 103044, \"curHP\": 259852, \"equip\": {\"1\": {\"id\": \"10042\", \"add\": {\"1\": {\"28\": 500}, \"2\": {\"18\": 400}}, \"eid\": \"174967593783333\", \"qid\": 8, \"bper\": 44}, \"2\": {\"id\": \"20042\", \"add\": {\"1\": {\"17\": 500}, \"2\": {\"25\": 400}}, \"eid\": \"174993123876901\", \"qid\": 5, \"bper\": 10}, \"3\": {\"id\": \"30043\", \"add\": {\"1\": {\"17\": 500}, \"2\": {\"12\": 400}}, \"eid\": \"174992772366373\", \"qid\": 5, \"bper\": 45}, \"4\": {\"id\": \"40041\", \"add\": {\"1\": {\"29\": 500}, \"2\": {\"25\": 400}}, \"eid\": \"174967607545893\", \"qid\": 6, \"bper\": 1}, \"5\": {\"id\": \"50042\", \"add\": {\"1\": {\"29\": 500}, \"2\": {\"25\": 400}}, \"eid\": \"174993595449381\", \"qid\": 5, \"bper\": 5}, \"6\": {\"id\": \"60040\", \"add\": {\"1\": {\"11\": 450}, \"2\": {\"18\": 350}}, \"eid\": \"174992951709733\", \"qid\": 7, \"bper\": 2}}, \"fight\": 1037167, \"fruit\": {\"1\": 185, \"4\": 180}, \"poslv\": {\"1\": 6, \"2\": 6, \"3\": 6, \"4\": 6, \"5\": 5, \"6\": 5}, \"skill\": {\"0\": {\"sid\": 1002003}, \"1\": {\"sid\": 2007004}, \"2\": {\"sid\": 1006003}}}}', '2024-11-02 12:12:16.001', 1),
('174990842449957', '{\"101006\": {\"id\": 101006, \"curHP\": 29228, \"equip\": {\"1\": {\"id\": \"10003\", \"add\": {\"1\": {\"14\": 300}}, \"eid\": \"174991633727525\", \"qid\": 2, \"bper\": 11}, \"2\": {\"id\": \"20006\", \"add\": {\"1\": {\"17\": 300}}, \"eid\": \"174992437768229\", \"qid\": 3, \"bper\": 28}, \"3\": {\"id\": \"30006\", \"eid\": \"174992513351717\", \"qid\": 1, \"bper\": 18}, \"4\": {\"id\": \"40004\", \"eid\": \"174992358866981\", \"qid\": 1, \"bper\": 32}, \"5\": {\"id\": \"50006\", \"eid\": \"174992531247141\", \"qid\": 1, \"bper\": 40}, \"6\": {\"id\": \"60007\", \"eid\": \"174992420147237\", \"qid\": 1, \"bper\": 37}}, \"fight\": 75275, \"skill\": {\"0\": {\"sid\": 3009001}}}}', '2024-11-02 11:27:46.014', 1),
('174991351717925', '{\"101015\": {\"id\": 101015, \"curHP\": 21720, \"equip\": {\"1\": {\"id\": \"10015\", \"eid\": \"175000893079589\", \"qid\": 1, \"bper\": 28}, \"2\": {\"id\": \"20016\", \"add\": {\"1\": {\"28\": 350}}, \"eid\": \"175000791175205\", \"qid\": 4, \"bper\": 39}, \"3\": {\"id\": \"30010\", \"add\": {\"1\": {\"11\": 300}}, \"eid\": \"174995569823781\", \"qid\": 2, \"bper\": 44}, \"4\": {\"id\": \"40013\", \"eid\": \"174996977135653\", \"qid\": 1, \"bper\": 36}, \"5\": {\"id\": \"50010\", \"add\": {\"1\": {\"11\": 300}}, \"eid\": \"174996309057573\", \"qid\": 2, \"bper\": 44}, \"6\": {\"id\": \"60008\", \"add\": {\"1\": {\"14\": 300}}, \"eid\": \"174996295221285\", \"qid\": 3, \"bper\": 38}}, \"fight\": 152890, \"poslv\": {\"1\": 1, \"2\": 1}, \"skill\": {\"0\": {\"sid\": 3009001}}}, \"102012\": {\"id\": 102012, \"curHP\": 47349, \"equip\": {\"1\": {\"id\": \"10013\", \"add\": {\"1\": {\"17\": 350}}, \"eid\": \"175000750907429\", \"qid\": 2, \"bper\": 42}, \"2\": {\"id\": \"20015\", \"eid\": \"175000847511589\", \"qid\": 1, \"bper\": 9}, \"3\": {\"id\": \"30010\", \"add\": {\"1\": {\"17\": 300}}, \"eid\": \"174996453863461\", \"qid\": 2, \"bper\": 45}, \"4\": {\"id\": \"40014\", \"eid\": \"175002349465637\", \"qid\": 1, \"bper\": 31}, \"5\": {\"id\": \"50012\", \"add\": {\"1\": {\"11\": 350}}, \"eid\": \"175000773853221\", \"qid\": 2, \"bper\": 31}, \"6\": {\"id\": \"60016\", \"eid\": \"175000823463973\", \"qid\": 1, \"bper\": 21}}, \"fight\": 133571, \"skill\": {\"0\": {\"sid\": 3001001}}}}', '2024-11-02 12:07:36.010', 1),
('174994216882213', '{\"101015\": {\"id\": 101015, \"curHP\": 32123, \"equip\": {\"1\": {\"id\": \"10014\", \"eid\": \"175019414888485\", \"qid\": 1, \"bper\": 9}, \"2\": {\"id\": \"20013\", \"add\": {\"1\": {\"29\": 350}}, \"eid\": \"175018062213157\", \"qid\": 3, \"bper\": 31}, \"3\": {\"id\": \"30013\", \"add\": {\"1\": {\"17\": 350}}, \"eid\": \"175019693166629\", \"qid\": 2, \"bper\": 7}, \"4\": {\"id\": \"40013\", \"eid\": \"175019947974693\", \"qid\": 1, \"bper\": 39}, \"5\": {\"id\": \"50016\", \"eid\": \"175019767259173\", \"qid\": 1, \"bper\": 5}, \"6\": {\"id\": \"60015\", \"eid\": \"175021408448549\", \"qid\": 1, \"bper\": 5}}, \"fight\": 139799, \"poslv\": {\"1\": 1}, \"skill\": {\"0\": {\"sid\": 3009001}}}, \"102010\": {\"id\": 102010, \"curHP\": 42538, \"equip\": {\"1\": {\"id\": \"10014\", \"eid\": \"175019480539173\", \"qid\": 1, \"bper\": 18}, \"2\": {\"id\": \"20011\", \"add\": {\"1\": {\"28\": 350}}, \"eid\": \"175017539448869\", \"qid\": 3, \"bper\": 44}, \"3\": {\"id\": \"30011\", \"add\": {\"1\": {\"14\": 350}}, \"eid\": \"175019451875365\", \"qid\": 3, \"bper\": 14}, \"4\": {\"id\": \"40014\", \"eid\": \"175019855282213\", \"qid\": 1, \"bper\": 28}, \"5\": {\"id\": \"50014\", \"eid\": \"175019646591013\", \"qid\": 1, \"bper\": 49}, \"6\": {\"id\": \"60016\", \"eid\": \"175021388587045\", \"qid\": 1, \"bper\": 1}}, \"fight\": 126425, \"skill\": {\"0\": {\"sid\": 3001001}}}}', '2024-11-02 13:35:41.002', 1),
('175002015010853', '{\"101006\": {\"id\": 101006, \"curHP\": 20209, \"equip\": {\"1\": {\"id\": \"10004\", \"eid\": \"175002661011493\", \"qid\": 1, \"bper\": 20}, \"2\": {\"id\": \"20001\", \"eid\": \"175002093244453\", \"qid\": 1, \"bper\": 13}, \"3\": {\"id\": \"30007\", \"add\": {\"1\": {\"11\": 300}}, \"eid\": \"175002690924581\", \"qid\": 3, \"bper\": 41}, \"4\": {\"id\": \"40005\", \"eid\": \"175002705752101\", \"qid\": 1, \"bper\": 8}, \"5\": {\"id\": \"50003\", \"eid\": \"175002556772389\", \"qid\": 1, \"bper\": 15}, \"6\": {\"id\": \"60008\", \"add\": {\"1\": {\"29\": 300}}, \"eid\": \"175002783731749\", \"qid\": 2, \"bper\": 2}}, \"fight\": 70645, \"skill\": {\"0\": {\"sid\": 3009001}}}}', '2024-11-02 12:09:11.010', 1),
('175002477776933', '{\"101007\": {\"id\": 101007, \"equip\": {\"1\": {\"id\": \"10007\", \"eid\": \"175002947555365\", \"qid\": 1, \"bper\": 11}, \"2\": {\"id\": \"20007\", \"eid\": \"175002931240997\", \"qid\": 1, \"bper\": 31}, \"3\": {\"id\": \"30007\", \"eid\": \"175002892787749\", \"qid\": 1, \"bper\": 27}, \"4\": {\"id\": \"40007\", \"eid\": \"175002905374757\", \"qid\": 1, \"bper\": 43}, \"5\": {\"id\": \"50005\", \"eid\": \"175002844905509\", \"qid\": 1, \"bper\": 11}, \"6\": {\"id\": \"60006\", \"eid\": \"175002919313445\", \"qid\": 1, \"bper\": 17}}, \"fight\": 75010, \"skill\": {\"0\": {\"sid\": 3009001}}}}', '2024-11-02 12:09:11.001', 1);

-- --------------------------------------------------------

--
-- 表的结构 `roleinfo`
--

CREATE TABLE `roleinfo` (
  `id` char(16) COLLATE utf8mb4_unicode_ci NOT NULL,
  `rolelevel` mediumint UNSIGNED NOT NULL DEFAULT '1',
  `exp` int UNSIGNED NOT NULL DEFAULT '0',
  `gamelevels` mediumint UNSIGNED NOT NULL DEFAULT '1',
  `info` json NOT NULL,
  `updatedAt` datetime(3) NOT NULL DEFAULT CURRENT_TIMESTAMP(3),
  `serverid` smallint UNSIGNED NOT NULL DEFAULT '1',
  `merge` smallint UNSIGNED NOT NULL DEFAULT '0'
) ENGINE=MyISAM DEFAULT CHARSET=utf8mb4 COLLATE=utf8mb4_unicode_ci;

--
-- 转存表中的数据 `roleinfo`
--

INSERT INTO `roleinfo` (`id`, `rolelevel`, `exp`, `gamelevels`, `info`, `updatedAt`, `serverid`, `merge`) VALUES
('174611116396581', 17, 90, 23, '{\"ico\": \"1\", \"ver\": \"0.0.8\", \"ebox\": {\"lv\": 30, \"interval\": 1730518032, \"speCount\": 101}, \"name\": \"舒服的睿博\", \"sbox\": {\"speCount\": 10}, \"xbox\": {\"award\": [], \"times\": [], \"total\": 0, \"speCount\": 0}, \"email\": {\"ids\": {}, \"lasteid\": 0}, \"fteam\": [101017, 102017], \"skill\": {\"list\": {\"3001001\": {}, \"3009001\": {}}}, \"title\": {\"id\": {}, \"show\": 0}, \"roleid\": \"174611116396581\", \"status\": {\"101\": \"2025-05-01T00:00:00+08:00\"}, \"adverts\": false, \"fashion\": {\"id\": {\"6001\": 0, \"6002\": 0, \"6012\": 0, \"6013\": 0, \"6021\": 0, \"6025\": 0}, \"dress\": {}}, \"upgrade\": 1, \"serverid\": 1, \"taskHide\": [{\"id\": 6001, \"count\": {\"6001\": 3}, \"state\": 0}, {\"id\": 6002, \"count\": {\"6002\": 123}, \"state\": 0}, {\"id\": 6003, \"count\": {\"6003\": 123}, \"state\": 0}, {\"id\": 6004, \"count\": {\"6004\": 123}, \"state\": 0}], \"taskMain\": {\"lastId\": 1028, \"curEntity\": {\"id\": 1029, \"count\": {\"2009\": 0}, \"state\": 0}}, \"heroState\": {\"101001\": true, \"102001\": true, \"103001\": false}, \"medalInfo\": {\"exp\": 48, \"mid\": 5}, \"privilege\": {\"2\": 1, \"3\": 388, \"4\": 1, \"5\": 1, \"6\": 1, \"11\": 1, \"12\": 100, \"13\": 20, \"15\": 1}, \"reDayInfo\": {\"ad_damage\": 0, \"da_awards\": false, \"da_buytag\": 0, \"ad_awardTag\": 0, \"raremst_daily\": 0, \"elitesweepcount\": 0}, \"taskDaily\": {\"received\": 0, \"tasklist\": {\"2001\": {\"id\": 2001, \"count\": {\"3001\": 100}, \"state\": 0}, \"2002\": {\"id\": 2002, \"count\": {\"3002\": 1}, \"state\": 0}, \"2003\": {\"id\": 2003, \"count\": {\"3003\": 0}, \"state\": 0}, \"2004\": {\"id\": 2004, \"count\": {\"3004\": 1}, \"state\": 0}, \"2005\": {\"id\": 2005, \"count\": {\"3005\": 1}, \"state\": 0}, \"2006\": {\"id\": 2006, \"count\": {\"3006\": 1}, \"state\": 0}, \"2007\": {\"id\": 2007, \"count\": {\"3007\": 0}, \"state\": 0}, \"2008\": {\"id\": 2008, \"count\": {\"3008\": 1}, \"state\": 0}, \"2009\": {\"id\": 2009, \"count\": {\"3033\": 0}, \"state\": 0}, \"2010\": {\"id\": 2010, \"count\": {\"3010\": 0}, \"state\": 0}, \"2011\": {\"id\": 2011, \"count\": {\"3011\": 0}, \"state\": 0}}}, \"timeAward\": {\"dailyNum\": 2, \"startTime\": \"2024-11-02T02:01:56+08:00\"}, \"tmpEquips\": {}, \"buyItemTag\": {\"timeTag\": {\"1\": 1730514777, \"4\": 1730519696, \"5\": 1730519697, \"6\": 1730519699, \"7\": 1730512418, \"8\": 1730512428, \"9\": 1730512429, \"13\": 1730518778, \"21\": 1730485431, \"22\": 1730485435, \"31\": 1730486073, \"36\": 1730513314, \"39\": 1730517995, \"75\": 1730512993, \"76\": 1730512602}, \"alwayTag\": {\"21\": 1, \"22\": 1}, \"dailyTag\": {\"4\": 3, \"5\": 3, \"6\": 3, \"13\": 1, \"31\": 1}, \"doubleTag\": {\"7\": 1, \"8\": 2, \"9\": 1, \"75\": 1, \"76\": 4}}, \"elitelevels\": 0, \"taskUpgrade\": [{\"id\": 3032, \"count\": {\"3032\": 17}, \"state\": 0}, {\"id\": 4035, \"count\": {\"4035\": 20}, \"state\": 1}, {\"id\": 5202, \"count\": {\"5202\": 100}, \"state\": 1}], \"rechargeGift\": {\"500\": 1, \"1000\": 1, \"5000\": 1, \"10000\": 1, \"30000\": 1}, \"rechargeInfo\": {\"total6Days\": 1, \"dailyAmounts\": 45356, \"today6IsPaid\": true, \"totalAmounts\": 45356}, \"rechargeShop\": {\"fundEbox_Lv\": 0, \"fundLevel_Lv\": 10, \"fundLevel_HLv\": 0, \"monsthCard_daily\": true, \"foreverCard_daily\": false}, \"sysOpenAward\": [1005, 1021, 2003], \"welfareDaily\": {\"receivedDays\": 1, \"todayReceived\": true}, \"welfareLevel\": 0, \"lastFightType\": 10, \"lastlogintime\": \"2024-11-02T13:11:51+08:00\", \"taskTargetTag\": {\"3\": 123, \"5\": 0, \"7\": 149, \"23\": 0, \"38\": 0}, \"welfarePaidDaily\": {\"dailyReceived\": true, \"receivedPaidDays\": 1}}', '2024-11-02 13:11:56.002', 1, 0),
('174617442312229', 1, 0, 0, '{\"ebox\": {\"lv\": 1, \"speCount\": 0}, \"sbox\": {\"speCount\": 10}, \"email\": {\"ids\": {}, \"lasteid\": 0}, \"fteam\": [101001], \"skill\": {\"list\": {\"3009001\": {}}}, \"adverts\": false, \"heroState\": {\"101001\": true, \"102001\": false, \"103001\": false}, \"reDayInfo\": {\"ad_damage\": 0, \"da_awards\": false, \"da_buytag\": 0, \"ad_awardTag\": 0, \"raremst_daily\": 0, \"elitesweepcount\": 0}, \"buyItemTag\": {\"timeTag\": {}, \"alwayTag\": {}, \"dailyTag\": {}, \"doubleTag\": {}}, \"rechargeInfo\": {\"total6Days\": 0, \"dailyAmounts\": 0, \"today6IsPaid\": false, \"totalAmounts\": 0}, \"rechargeShop\": {}, \"lastlogintime\": \"2024-11-01T10:00:11+08:00\", \"taskTargetTag\": {}}', '2024-11-01 10:00:11.515', 1, 0),
('174621752082469', 1, 0, 0, '{\"ebox\": {\"lv\": 1, \"speCount\": 0}, \"sbox\": {\"speCount\": 10}, \"email\": {\"ids\": {}, \"lasteid\": 0}, \"fteam\": [101001], \"skill\": {\"list\": {\"3009001\": {}}}, \"adverts\": false, \"heroState\": {\"101001\": true, \"102001\": false, \"103001\": false}, \"reDayInfo\": {\"ad_damage\": 0, \"da_awards\": false, \"da_buytag\": 0, \"ad_awardTag\": 0, \"raremst_daily\": 0, \"elitesweepcount\": 0}, \"buyItemTag\": {\"timeTag\": {}, \"alwayTag\": {}, \"dailyTag\": {}, \"doubleTag\": {}}, \"rechargeInfo\": {\"total6Days\": 0, \"dailyAmounts\": 0, \"today6IsPaid\": false, \"totalAmounts\": 0}, \"rechargeShop\": {}, \"lastlogintime\": \"2024-11-01T10:17:43+08:00\", \"taskTargetTag\": {}}', '2024-11-01 10:17:43.700', 1, 0),
('174622294884389', 1, 0, 0, '{\"ebox\": {\"lv\": 1, \"speCount\": 0}, \"sbox\": {\"speCount\": 10}, \"email\": {\"ids\": {}, \"lasteid\": 0}, \"fteam\": [101001], \"skill\": {\"list\": {\"3009001\": {}}}, \"adverts\": false, \"heroState\": {\"101001\": true, \"102001\": false, \"103001\": false}, \"reDayInfo\": {\"ad_damage\": 0, \"da_awards\": false, \"da_buytag\": 0, \"ad_awardTag\": 0, \"raremst_daily\": 0, \"elitesweepcount\": 0}, \"buyItemTag\": {\"timeTag\": {}, \"alwayTag\": {}, \"dailyTag\": {}, \"doubleTag\": {}}, \"rechargeInfo\": {\"total6Days\": 0, \"dailyAmounts\": 0, \"today6IsPaid\": false, \"totalAmounts\": 0}, \"rechargeShop\": {}, \"lastlogintime\": \"2024-11-01T10:19:56+08:00\", \"taskTargetTag\": {}}', '2024-11-01 10:19:56.221', 1, 0),
('174656230735909', 1, 0, 0, '{\"ebox\": {\"lv\": 1, \"speCount\": 0}, \"sbox\": {\"speCount\": 10}, \"email\": {\"ids\": {}, \"lasteid\": 0}, \"fteam\": [101001], \"skill\": {\"list\": {\"3009001\": {}}}, \"adverts\": false, \"heroState\": {\"101001\": true, \"102001\": false, \"103001\": false}, \"reDayInfo\": {\"ad_damage\": 0, \"da_awards\": false, \"da_buytag\": 0, \"ad_awardTag\": 0, \"raremst_daily\": 0, \"elitesweepcount\": 0}, \"buyItemTag\": {\"timeTag\": {}, \"alwayTag\": {}, \"dailyTag\": {}, \"doubleTag\": {}}, \"rechargeInfo\": {\"total6Days\": 0, \"dailyAmounts\": 0, \"today6IsPaid\": false, \"totalAmounts\": 0}, \"rechargeShop\": {}, \"lastlogintime\": \"2024-11-01T12:38:01+08:00\", \"taskTargetTag\": {}}', '2024-11-01 12:38:01.339', 1, 0),
('174656877768741', 1, 0, 0, '{\"ebox\": {\"lv\": 1, \"speCount\": 0}, \"sbox\": {\"speCount\": 10}, \"email\": {\"ids\": {}, \"lasteid\": 0}, \"fteam\": [101001], \"skill\": {\"list\": {\"3009001\": {}}}, \"adverts\": false, \"heroState\": {\"101001\": true, \"102001\": false, \"103001\": false}, \"reDayInfo\": {\"ad_damage\": 0, \"da_awards\": false, \"da_buytag\": 0, \"ad_awardTag\": 0, \"raremst_daily\": 0, \"elitesweepcount\": 0}, \"buyItemTag\": {\"timeTag\": {}, \"alwayTag\": {}, \"dailyTag\": {}, \"doubleTag\": {}}, \"rechargeInfo\": {\"total6Days\": 0, \"dailyAmounts\": 0, \"today6IsPaid\": false, \"totalAmounts\": 0}, \"rechargeShop\": {}, \"lastlogintime\": \"2024-11-01T12:40:39+08:00\", \"taskTargetTag\": {}}', '2024-11-01 12:40:39.304', 1, 0),
('174661026070565', 1, 0, 0, '{\"ebox\": {\"lv\": 1, \"speCount\": 0}, \"sbox\": {\"speCount\": 10}, \"email\": {\"ids\": {}, \"lasteid\": 0}, \"fteam\": [101001], \"skill\": {\"list\": {\"3009001\": {}}}, \"adverts\": false, \"heroState\": {\"101001\": true, \"102001\": false, \"103001\": false}, \"reDayInfo\": {\"ad_damage\": 0, \"da_awards\": false, \"da_buytag\": 0, \"ad_awardTag\": 0, \"raremst_daily\": 0, \"elitesweepcount\": 0}, \"buyItemTag\": {\"timeTag\": {}, \"alwayTag\": {}, \"dailyTag\": {}, \"doubleTag\": {}}, \"rechargeInfo\": {\"total6Days\": 0, \"dailyAmounts\": 0, \"today6IsPaid\": false, \"totalAmounts\": 0}, \"rechargeShop\": {}, \"lastlogintime\": \"2024-11-01T12:57:32+08:00\", \"taskTargetTag\": {}}', '2024-11-01 12:57:32.072', 1, 0),
('174668269428773', 1, 0, 0, '{\"ebox\": {\"lv\": 1, \"speCount\": 0}, \"sbox\": {\"speCount\": 10}, \"email\": {\"ids\": {}, \"lasteid\": 0}, \"fteam\": [101001], \"skill\": {\"list\": {\"3009001\": {}}}, \"adverts\": false, \"heroState\": {\"101001\": true, \"102001\": false, \"103001\": false}, \"reDayInfo\": {\"ad_damage\": 0, \"da_awards\": false, \"da_buytag\": 0, \"ad_awardTag\": 0, \"raremst_daily\": 0, \"elitesweepcount\": 0}, \"buyItemTag\": {\"timeTag\": {}, \"alwayTag\": {}, \"dailyTag\": {}, \"doubleTag\": {}}, \"rechargeInfo\": {\"total6Days\": 0, \"dailyAmounts\": 0, \"today6IsPaid\": false, \"totalAmounts\": 0}, \"rechargeShop\": {}, \"lastlogintime\": \"2024-11-01T13:27:00+08:00\", \"taskTargetTag\": {}}', '2024-11-01 13:27:00.471', 1, 0),
('174668719435813', 1, 0, 0, '{\"ebox\": {\"lv\": 1, \"speCount\": 0}, \"sbox\": {\"speCount\": 10}, \"email\": {\"ids\": {}, \"lasteid\": 0}, \"fteam\": [101001], \"skill\": {\"list\": {\"3009001\": {}}}, \"adverts\": false, \"heroState\": {\"101001\": true, \"102001\": false, \"103001\": false}, \"reDayInfo\": {\"ad_damage\": 0, \"da_awards\": false, \"da_buytag\": 0, \"ad_awardTag\": 0, \"raremst_daily\": 0, \"elitesweepcount\": 0}, \"buyItemTag\": {\"timeTag\": {}, \"alwayTag\": {}, \"dailyTag\": {}, \"doubleTag\": {}}, \"rechargeInfo\": {\"total6Days\": 0, \"dailyAmounts\": 0, \"today6IsPaid\": false, \"totalAmounts\": 0}, \"rechargeShop\": {}, \"lastlogintime\": \"2024-11-01T13:28:50+08:00\", \"taskTargetTag\": {}}', '2024-11-01 13:28:50.335', 1, 0),
('174672660287525', 1, 0, 0, '{\"ebox\": {\"lv\": 1, \"speCount\": 0}, \"sbox\": {\"speCount\": 10}, \"email\": {\"ids\": {}, \"lasteid\": 0}, \"fteam\": [101001], \"skill\": {\"list\": {\"3009001\": {}}}, \"adverts\": false, \"heroState\": {\"101001\": true, \"102001\": false, \"103001\": false}, \"reDayInfo\": {\"ad_damage\": 0, \"da_awards\": false, \"da_buytag\": 0, \"ad_awardTag\": 0, \"raremst_daily\": 0, \"elitesweepcount\": 0}, \"buyItemTag\": {\"timeTag\": {}, \"alwayTag\": {}, \"dailyTag\": {}, \"doubleTag\": {}}, \"rechargeInfo\": {\"total6Days\": 0, \"dailyAmounts\": 0, \"today6IsPaid\": false, \"totalAmounts\": 0}, \"rechargeShop\": {}, \"lastlogintime\": \"2024-11-01T13:44:52+08:00\", \"taskTargetTag\": {}}', '2024-11-01 13:44:52.459', 1, 0),
('174677618221093', 1, 0, 0, '{\"ebox\": {\"lv\": 1, \"speCount\": 0}, \"sbox\": {\"speCount\": 10}, \"email\": {\"ids\": {}, \"lasteid\": 0}, \"fteam\": [101001], \"skill\": {\"list\": {\"3009001\": {}}}, \"adverts\": false, \"heroState\": {\"101001\": true, \"102001\": false, \"103001\": false}, \"reDayInfo\": {\"ad_damage\": 0, \"da_awards\": false, \"da_buytag\": 0, \"ad_awardTag\": 0, \"raremst_daily\": 0, \"elitesweepcount\": 0}, \"buyItemTag\": {\"timeTag\": {}, \"alwayTag\": {}, \"dailyTag\": {}, \"doubleTag\": {}}, \"rechargeInfo\": {\"total6Days\": 0, \"dailyAmounts\": 0, \"today6IsPaid\": false, \"totalAmounts\": 0}, \"rechargeShop\": {}, \"lastlogintime\": \"2024-11-01T14:05:02+08:00\", \"taskTargetTag\": {}}', '2024-11-01 14:05:02.889', 1, 0),
('174746023329829', 1, 0, 0, '{\"ebox\": {\"lv\": 1, \"speCount\": 0}, \"sbox\": {\"speCount\": 10}, \"email\": {\"ids\": {}, \"lasteid\": 0}, \"fteam\": [101001], \"skill\": {\"list\": {\"3009001\": {}}}, \"adverts\": false, \"heroState\": {\"101001\": true, \"102001\": false, \"103001\": false}, \"reDayInfo\": {\"ad_damage\": 0, \"da_awards\": false, \"da_buytag\": 0, \"ad_awardTag\": 0, \"raremst_daily\": 0, \"elitesweepcount\": 0}, \"buyItemTag\": {\"timeTag\": {}, \"alwayTag\": {}, \"dailyTag\": {}, \"doubleTag\": {}}, \"rechargeInfo\": {\"total6Days\": 0, \"dailyAmounts\": 0, \"today6IsPaid\": false, \"totalAmounts\": 0}, \"rechargeShop\": {}, \"lastlogintime\": \"2024-11-01T18:43:23+08:00\", \"taskTargetTag\": {}}', '2024-11-01 18:43:23.355', 1, 0),
('174830091157541', 83, 1820, 97, '{\"ico\": \"3\", \"ver\": \"0.0.8\", \"ebox\": {\"lv\": 30, \"interval\": 1730486115, \"speCount\": 161}, \"name\": \"秦夕颜\", \"sbox\": {\"speCount\": 3}, \"xbox\": {\"award\": [], \"times\": [10], \"total\": 10, \"speCount\": 10}, \"email\": {\"ids\": {}, \"lasteid\": 0}, \"fteam\": [101083, 102081, 103081], \"guild\": {\"guildid\": \"174843870375973\", \"joinTime\": 1730481691791, \"leaveTime\": 0}, \"skill\": {\"list\": {\"1001010\": {}, \"1002010\": {}, \"1003010\": {}, \"1004007\": {}, \"1005008\": {}, \"1006010\": {}, \"1007010\": {}, \"1008010\": {}, \"1009010\": {}, \"1010010\": {}, \"2001010\": {}, \"2002010\": {}, \"2003010\": {}, \"2004008\": {}, \"2005007\": {}, \"2006010\": {}, \"2007008\": {}, \"2008010\": {}, \"2009010\": {}, \"2010008\": {}, \"3001010\": {}, \"3002010\": {}, \"3003010\": {}, \"3004010\": {}, \"3005010\": {}, \"3006010\": {}, \"3007010\": {}, \"3008010\": {}, \"3009010\": {}, \"3010008\": {}}, \"suit\": [110, 120, 130, 160, 180, 190, 137, 147, 168, 198]}, \"title\": {\"id\": {}, \"show\": 0}, \"roleid\": \"174830091157541\", \"status\": {\"101\": \"2024-12-02T00:00:00+08:00\", \"102\": 1, \"103\": 1, \"104\": 1, \"105\": 1}, \"adverts\": false, \"aureole\": {\"id\": 2060, \"act\": [1, 2, 3, 4, 5, 6]}, \"fashion\": {\"id\": {\"6001\": 0, \"6002\": 0, \"6003\": 0, \"6012\": 0, \"6015\": 0, \"6021\": 0, \"6023\": 0, \"6025\": 0}, \"dress\": {}}, \"raremst\": {\"id\": [129050, 121045, 130050, 122044, 123045, 124045, 125036, 115050, 116050, 117037, 118050, 119042, 109050, 110050, 111050, 112050, 114044, 101050, 102050, 104050, 105037, 106050, 107050, 108050, 127037, 128050, 131028, 132050, 126029, 120034, 113037, 103050], \"num\": 160, \"use\": 0, \"suit\": [316, 413, 516, 116, 213, 613, 712, 811], \"fight\": [[129050, 127037, 125036], [0, 0, 0], [0, 0, 0]]}, \"upgrade\": 5, \"wrestle\": {\"id\": 2, \"exp\": 0, \"fight\": {\"epos\": 3, \"opos\": 0, \"monhp\": [0, 0, 0], \"turns\": 0, \"daynum\": 3, \"pkgroup\": 0, \"posorder\": [0, 1, 2], \"wincount\": 3}, \"isget\": [2], \"season\": 1}, \"serverid\": 1, \"taskHide\": [{\"id\": 6001, \"count\": {\"6001\": 10}, \"state\": 0}, {\"id\": 6002, \"count\": {\"6002\": 85}, \"state\": 0}, {\"id\": 6003, \"count\": {\"6003\": 210}, \"state\": 0}, {\"id\": 6004, \"count\": {\"6004\": 710}, \"state\": 0}], \"taskMain\": {\"lastId\": 1170, \"curEntity\": {\"id\": 1171, \"count\": {\"6201\": 83}, \"state\": 0}}, \"arenaInfo\": {\"rank\": 1, \"show\": [{\"id\": \"174611116396581\"}, {\"id\": \"174859206438949\"}, {\"id\": \"1460\"}, {\"id\": \"1080\"}, {\"id\": \"1450\"}], \"nowar\": {}, \"point\": 2866, \"sTime\": \"2024-11-01T00:00:00+08:00\", \"season\": 1, \"challenge\": 0}, \"heroState\": {\"101001\": true, \"102001\": true, \"103001\": true}, \"medalInfo\": {\"exp\": 0, \"mid\": 191}, \"mercenary\": {\"mlv\": {\"1\": {\"id\": 1220, \"exp\": 490, \"fid\": 61008}, \"2\": {\"id\": 2220, \"exp\": 936, \"fid\": 62008}, \"3\": {\"id\": 3220, \"exp\": 556, \"fid\": 63005}, \"4\": {\"id\": 4220, \"exp\": 58, \"fid\": 64003}, \"6\": {\"id\": 6220, \"exp\": 264, \"fid\": 66002}}, \"actinfo\": {\"an\": 53, \"pn\": 0, \"dam\": 251235723}, \"flag_time\": \"2024-11-02T02:43:15+08:00\"}, \"privilege\": {\"2\": 1, \"3\": 388, \"4\": 1, \"5\": 1, \"6\": 2, \"7\": 1, \"8\": 2500, \"9\": 2500, \"10\": 2500, \"11\": 1, \"12\": 100, \"13\": 20, \"15\": 1, \"16\": 1288, \"17\": 588, \"18\": 1, \"19\": 5}, \"reDayInfo\": {\"ad_damage\": 251235723, \"da_awards\": true, \"da_buytag\": 5, \"ad_awardTag\": 200000000, \"raremst_daily\": 93560, \"elitesweepcount\": 6}, \"taskDaily\": {\"received\": 5, \"tasklist\": {\"2001\": {\"id\": 2001, \"count\": {\"3001\": 100}, \"state\": 1}, \"2002\": {\"id\": 2002, \"count\": {\"3002\": 1}, \"state\": 1}, \"2003\": {\"id\": 2003, \"count\": {\"3003\": 1}, \"state\": 1}, \"2004\": {\"id\": 2004, \"count\": {\"3004\": 1}, \"state\": 1}, \"2005\": {\"id\": 2005, \"count\": {\"3005\": 1}, \"state\": 1}, \"2006\": {\"id\": 2006, \"count\": {\"3006\": 1}, \"state\": 1}, \"2007\": {\"id\": 2007, \"count\": {\"3007\": 3}, \"state\": 1}, \"2008\": {\"id\": 2008, \"count\": {\"3008\": 1}, \"state\": 1}, \"2009\": {\"id\": 2009, \"count\": {\"3033\": 1}, \"state\": 1}, \"2010\": {\"id\": 2010, \"count\": {\"3010\": 3}, \"state\": 1}, \"2011\": {\"id\": 2011, \"count\": {\"3011\": 1}, \"state\": 1}}}, \"taskGuild\": {\"received\": [], \"tasklist\": {\"5301\": {\"id\": 5301, \"count\": {\"5301\": 5}, \"state\": 1}, \"5302\": {\"id\": 5302, \"count\": {\"5302\": 5}, \"state\": 1}, \"5303\": {\"id\": 5303, \"count\": {\"5303\": 5}, \"state\": 1}, \"5304\": {\"id\": 5304, \"count\": {\"5304\": 5}, \"state\": 1}, \"5305\": {\"id\": 5305, \"count\": {\"5305\": 5}, \"state\": 1}}}, \"timeAward\": {\"dailyNum\": -1, \"startTime\": \"2024-11-02T04:46:41+08:00\"}, \"tmpEquips\": {}, \"buyItemTag\": {\"timeTag\": {\"1\": 1730479228, \"2\": 1730479232, \"3\": 1730479239, \"4\": 1730482232, \"5\": 1730482233, \"6\": 1730482233, \"7\": 1730479256, \"8\": 1730479257, \"9\": 1730479258, \"10\": 1730479259, \"11\": 1730479259, \"12\": 1730479260, \"13\": 1730479271, \"14\": 1730479272, \"15\": 1730479272, \"16\": 1730482243, \"17\": 1730479745, \"18\": 1730479507, \"19\": 1730495708, \"20\": 1730482062, \"21\": 1730478512, \"22\": 1730478516, \"23\": 1730479274, \"24\": 1730479275, \"28\": 1730479235, \"29\": 1730479241, \"30\": 1730479511, \"31\": 1730478696, \"32\": 1730478913, \"33\": 1730482641, \"39\": 1730493720, \"40\": 1730482172, \"41\": 1730482171, \"48\": 1730479246, \"49\": 1730494389, \"50\": 1730494390, \"51\": 1730494392, \"52\": 1730494394, \"53\": 1730494399, \"54\": 1730494414, \"55\": 1730494420, \"56\": 1730494419, \"57\": 1730494421, \"58\": 1730494422, \"59\": 1730494423, \"60\": 1730494426, \"61\": 1730494431, \"62\": 1730494432, \"63\": 1730494433, \"64\": 1730494434, \"65\": 1730494436, \"66\": 1730494438, \"73\": 1730479262, \"75\": 1730479263, \"76\": 1730490135, \"80\": 1730487295, \"81\": 1730487206, \"83\": 1730487222, \"84\": 1730487233, \"85\": 1730487237, \"86\": 1730487242, \"87\": 1730487247, \"88\": 1730487250, \"89\": 1730487252, \"90\": 1730487254, \"91\": 1730487265, \"92\": 1730487378, \"93\": 1730487289, \"96\": 1730499411, \"97\": 1730499408, \"98\": 1730482424, \"100\": 1730494222, \"101\": 1730499402, \"102\": 1730486175, \"103\": 1730486169, \"104\": 1730480528, \"105\": 1730480533, \"106\": 1730480538, \"107\": 1730480543, \"108\": 1730480547, \"109\": 1730480553, \"112\": 1730480558, \"113\": 1730480562, \"114\": 1730480568, \"115\": 1730494442, \"116\": 1730494485, \"117\": 1730494490, \"118\": 1730494497, \"119\": 1730494523, \"120\": 1730494522, \"121\": 1730494520, \"122\": 1730494519, \"123\": 1730494517, \"124\": 1730487286, \"125\": 1730480572, \"126\": 1730480579, \"127\": 1730478329}, \"alwayTag\": {\"2\": 1, \"3\": 1, \"18\": 1, \"21\": 1, \"22\": 1, \"96\": 13, \"97\": 4, \"98\": 6, \"100\": 2, \"101\": 9, \"102\": 5, \"103\": 2}, \"dailyTag\": {\"4\": 4, \"5\": 4, \"6\": 4, \"13\": 1, \"14\": 1, \"15\": 1, \"16\": 5, \"17\": 15, \"19\": 5, \"20\": 15, \"23\": 1, \"24\": 1, \"28\": 1, \"29\": 1, \"30\": 1, \"31\": 1, \"32\": 1, \"33\": 1, \"40\": 1, \"41\": 30, \"49\": 1, \"50\": 1, \"51\": 2, \"52\": 5, \"53\": 5, \"54\": 10, \"55\": 1, \"56\": 1, \"57\": 2, \"58\": 5, \"59\": 5, \"60\": 10, \"61\": 1, \"62\": 1, \"63\": 2, \"64\": 5, \"65\": 5, \"66\": 10, \"83\": 10, \"84\": 50, \"85\": 10, \"86\": 10, \"87\": 10, \"88\": 10, \"89\": 1, \"91\": 50, \"104\": 1, \"105\": 10, \"106\": 10, \"107\": 10, \"108\": 10, \"109\": 10, \"112\": 10, \"113\": 10, \"114\": 10, \"115\": 1, \"116\": 10, \"117\": 10, \"118\": 10, \"119\": 10, \"120\": 10, \"121\": 10, \"122\": 10, \"123\": 10, \"124\": 100, \"125\": 10, \"126\": 10, \"127\": 1}, \"doubleTag\": {\"7\": 1, \"8\": 1, \"9\": 1, \"10\": 1, \"11\": 1, \"12\": 1, \"73\": 1, \"75\": 1, \"76\": 3915}}, \"demonAbyss\": {\"da_pos\": 0, \"da_levels\": 50040, \"da_awards_tag\": 50040, \"da_fight_lost\": false}, \"pirateShip\": {\"pos\": 11, \"rank\": 1, \"sTime\": \"2024-11-01T00:00:00+08:00\", \"damage\": 47200, \"season\": 1, \"shipId\": 2, \"killNum\": 64, \"posList\": {\"1\": 1001, \"2\": 1047, \"4\": 1003, \"5\": 1047, \"6\": 1018, \"8\": 1001, \"9\": 1018, \"10\": 1001, \"12\": 1001, \"13\": 1047, \"14\": 1014, \"16\": 1003, \"17\": 1003, \"18\": 1013, \"20\": 1015, \"21\": 1012, \"22\": 1016, \"24\": 1018}, \"rankDAT\": \"2024-11-02T00:00:00+08:00\", \"act_count\": 139, \"fightInfo\": {\"hp\": 1900, \"buff\": [], \"buff_idtag\": 1}, \"shellInfo\": {\"1009\": 6, \"1010\": 5, \"1011\": 6}, \"fireEnergy\": 11, \"welfare_lv\": 15, \"welfare_Hlv\": 15, \"adddice_time\": \"2024-11-02T05:47:34+08:00\"}, \"elitelevels\": 10080, \"openWelfare\": {\"received\": 5, \"tasklist\": {\"7001\": {\"id\": 7001, \"count\": {\"7001\": 1003}, \"state\": 1}, \"7002\": {\"id\": 7002, \"count\": {\"7002\": 2004}, \"state\": 1}, \"7003\": {\"id\": 7003, \"count\": {\"7003\": 3004}, \"state\": 1}, \"7004\": {\"id\": 7004, \"count\": {\"7004\": 4004}, \"state\": 1}, \"7005\": {\"id\": 7005, \"count\": {\"7005\": 6004}, \"state\": 1}, \"7006\": {\"id\": 7006, \"count\": {\"7006\": 8004}, \"state\": 1}, \"7007\": {\"id\": 7007, \"count\": {\"7007\": 10004}, \"state\": 1}, \"7008\": {\"id\": 7008, \"count\": {\"7008\": 6}, \"state\": 1}, \"7009\": {\"id\": 7009, \"count\": {\"7009\": 7}, \"state\": 1}, \"7010\": {\"id\": 7010, \"count\": {\"7010\": 9}, \"state\": 1}, \"7011\": {\"id\": 7011, \"count\": {\"7011\": 10}, \"state\": 1}, \"7012\": {\"id\": 7012, \"count\": {\"7012\": 15}, \"state\": 1}, \"7013\": {\"id\": 7013, \"count\": {\"7013\": 5}, \"state\": 1}, \"7014\": {\"id\": 7014, \"count\": {\"7014\": 0}, \"state\": 0}, \"7015\": {\"id\": 7015, \"count\": {\"7015\": 0}, \"state\": 0}, \"7016\": {\"id\": 7016, \"count\": {\"7016\": 0}, \"state\": 0}, \"7017\": {\"id\": 7017, \"count\": {\"7017\": 10}, \"state\": 1}, \"7018\": {\"id\": 7018, \"count\": {\"7018\": 20}, \"state\": 1}, \"7019\": {\"id\": 7019, \"count\": {\"7019\": 30}, \"state\": 1}, \"7020\": {\"id\": 7020, \"count\": {\"7020\": 50}, \"state\": 1}, \"7021\": {\"id\": 7021, \"count\": {\"7021\": 70}, \"state\": 1}, \"7022\": {\"id\": 7022, \"count\": {\"7022\": 81}, \"state\": 0}, \"7023\": {\"id\": 7023, \"count\": {\"7023\": 10}, \"state\": 1}, \"7024\": {\"id\": 7024, \"count\": {\"7024\": 30}, \"state\": 1}, \"7025\": {\"id\": 7025, \"count\": {\"7025\": 50}, \"state\": 1}, \"7026\": {\"id\": 7026, \"count\": {\"7026\": 70}, \"state\": 1}, \"7027\": {\"id\": 7027, \"count\": {\"7027\": 90}, \"state\": 1}, \"7028\": {\"id\": 7028, \"count\": {\"7028\": 120}, \"state\": 1}, \"7029\": {\"id\": 7029, \"count\": {\"7029\": 10}, \"state\": 1}, \"7030\": {\"id\": 7030, \"count\": {\"7030\": 20}, \"state\": 1}, \"7031\": {\"id\": 7031, \"count\": {\"7031\": 30}, \"state\": 1}, \"7032\": {\"id\": 7032, \"count\": {\"7032\": 40}, \"state\": 1}, \"7033\": {\"id\": 7033, \"count\": {\"7033\": 60}, \"state\": 1}, \"7034\": {\"id\": 7034, \"count\": {\"7034\": 80}, \"state\": 1}, \"7035\": {\"id\": 7035, \"count\": {\"7035\": 5}, \"state\": 1}, \"7036\": {\"id\": 7036, \"count\": {\"7036\": 10}, \"state\": 1}, \"7037\": {\"id\": 7037, \"count\": {\"7037\": 20}, \"state\": 1}, \"7038\": {\"id\": 7038, \"count\": {\"7038\": 30}, \"state\": 1}, \"7039\": {\"id\": 7039, \"count\": {\"7039\": 1}, \"state\": 0}, \"7040\": {\"id\": 7040, \"count\": {\"7040\": 1}, \"state\": 0}, \"7041\": {\"id\": 7041, \"count\": {\"7041\": 1}, \"state\": 0}, \"7042\": {\"id\": 7042, \"count\": {\"7042\": 1}, \"state\": 0}, \"7043\": {\"id\": 7043, \"count\": {\"4024\": 0}, \"state\": 0}, \"7044\": {\"id\": 7044, \"count\": {\"4027\": 0}, \"state\": 0}, \"7045\": {\"id\": 7045, \"count\": {\"4030\": 0}, \"state\": 0}, \"7046\": {\"id\": 7046, \"count\": {\"4033\": 0}, \"state\": 0}, \"7047\": {\"id\": 7047, \"count\": {\"4034\": 0}, \"state\": 0}, \"7048\": {\"id\": 7048, \"count\": {\"5001\": 10005}, \"state\": 1}, \"7049\": {\"id\": 7049, \"count\": {\"5002\": 10030}, \"state\": 1}, \"7050\": {\"id\": 7050, \"count\": {\"5003\": 10040}, \"state\": 1}, \"7051\": {\"id\": 7051, \"count\": {\"5004\": 10050}, \"state\": 1}, \"7052\": {\"id\": 7052, \"count\": {\"5005\": 10060}, \"state\": 1}, \"7053\": {\"id\": 7053, \"count\": {\"5006\": 10070}, \"state\": 1}, \"7054\": {\"id\": 7054, \"count\": {\"5007\": 10080}, \"state\": 1}, \"7055\": {\"id\": 7055, \"count\": {\"3016\": 40}, \"state\": 1}, \"7056\": {\"id\": 7056, \"count\": {\"3017\": 60}, \"state\": 1}, \"7057\": {\"id\": 7057, \"count\": {\"3018\": 80}, \"state\": 1}, \"7058\": {\"id\": 7058, \"count\": {\"3019\": 83}, \"state\": 0}, \"7059\": {\"id\": 7059, \"count\": {\"3020\": 83}, \"state\": 0}, \"7060\": {\"id\": 7060, \"count\": {\"3021\": 83}, \"state\": 0}, \"7061\": {\"id\": 7061, \"count\": {\"7043\": 10}, \"state\": 1}, \"7062\": {\"id\": 7062, \"count\": {\"7044\": 50}, \"state\": 1}, \"7063\": {\"id\": 7063, \"count\": {\"7045\": 100}, \"state\": 1}, \"7064\": {\"id\": 7064, \"count\": {\"7046\": 10}, \"state\": 1}, \"7065\": {\"id\": 7065, \"count\": {\"7047\": 20}, \"state\": 1}, \"7066\": {\"id\": 7066, \"count\": {\"7048\": 30}, \"state\": 1}, \"7067\": {\"id\": 7067, \"count\": {\"7049\": 50}, \"state\": 1}, \"7068\": {\"id\": 7068, \"count\": {\"7050\": 100}, \"state\": 1}, \"7069\": {\"id\": 7069, \"count\": {\"7051\": 30}, \"state\": 1}, \"7070\": {\"id\": 7070, \"count\": {\"7052\": 172286479}, \"state\": 1}, \"7071\": {\"id\": 7071, \"count\": {\"7053\": 3}, \"state\": 1}, \"7072\": {\"id\": 7072, \"count\": {\"6341\": 1}, \"state\": 1}}, \"totalPoint\": 10080}, \"taskUpgrade\": [{\"id\": 3019, \"count\": {\"3019\": 83}, \"state\": 0}, {\"id\": 4021, \"count\": {\"4021\": 0}, \"state\": 0}, {\"id\": 5102, \"count\": {\"5102\": 8}, \"state\": 1}], \"rechargeGift\": {\"500\": 1, \"1000\": 1, \"5000\": 1, \"10000\": 1, \"30000\": 1, \"50000\": 1, \"80000\": 1, \"100000\": 1}, \"rechargeInfo\": {\"total6Days\": 1, \"dailyAmounts\": 39237888, \"today6IsPaid\": true, \"totalAmounts\": 39237888}, \"rechargeShop\": {\"fundEbox_Lv\": 20, \"fundEbox_HLv\": 20, \"fundLevel_Lv\": 80, \"fundLevel_HLv\": 80, \"monsthCard_daily\": true, \"foreverCard_daily\": true}, \"sysOpenAward\": [1005, 1021, 2003, 1020, 1022, 1039, 1007, 1003, 2001, 1040, 1038, 1036, 1042, 1035], \"welfareDaily\": {\"receivedDays\": 1, \"todayReceived\": true}, \"welfareLevel\": 80, \"lastFightType\": 10, \"lastlogintime\": \"2024-11-02T06:15:51+08:00\", \"taskTargetTag\": {\"3\": 14712, \"5\": 31349, \"7\": 1800, \"23\": 9, \"38\": 4}, \"welfarePaidDaily\": {\"dailyReceived\": true, \"receivedPaidDays\": 1}}', '2024-11-02 06:28:46.002', 1, 0),
('174859206438949', 44, 160, 61, '{\"ico\": \"1\", \"ver\": \"0.0.8\", \"ebox\": {\"cd\": 1730902536729, \"lv\": 18, \"interval\": 1730517970, \"speCount\": 294}, \"name\": \"依依不舍的安歌\", \"sbox\": {\"speCount\": 173}, \"xbox\": {\"award\": [], \"times\": [], \"total\": 0, \"speCount\": 0}, \"email\": {\"ids\": {}, \"lasteid\": 0}, \"fteam\": [101044, 102044, 103044], \"skill\": {\"list\": {\"1001003\": {}, \"1002003\": {}, \"1003003\": {}, \"1004002\": {}, \"1005001\": {}, \"1006003\": {}, \"1007003\": {}, \"1008003\": {}, \"1009003\": {}, \"1010002\": {}, \"2001003\": {}, \"2002003\": {}, \"2003003\": {}, \"2004002\": {}, \"2005001\": {}, \"2006003\": {}, \"2007004\": {}, \"2008003\": {}, \"2009003\": {}, \"2010002\": {}, \"3001003\": {}, \"3002003\": {}, \"3003003\": {}, \"3004003\": {}, \"3005003\": {}, \"3006003\": {}, \"3007003\": {}, \"3008003\": {}, \"3009003\": {}, \"3010001\": {}}, \"suit\": [101, 111, 121, 131, 151, 161, 171, 181]}, \"title\": {\"id\": {}, \"show\": 0}, \"roleid\": \"174859206438949\", \"status\": {\"101\": \"2024-12-02T00:00:00+08:00\", \"102\": 1, \"103\": 1, \"104\": 1, \"105\": 1}, \"adverts\": false, \"aureole\": {\"id\": 5029, \"act\": [1, 2, 3, 4, 5, 6]}, \"fashion\": {\"id\": {\"6001\": 0, \"6002\": 0, \"6012\": 0, \"6021\": 0}, \"dress\": {}}, \"raremst\": {\"id\": [130005, 123002, 132002, 102002, 110007, 111005, 114004, 101005, 103004, 106008, 127002, 128005, 129004, 122001, 115004, 116004, 117001, 118003, 119002, 109005, 112004, 113002, 104005, 105001, 107003, 108003], \"num\": 61, \"use\": 0, \"suit\": [101, 201, 302, 401, 502, 601], \"fight\": [[129004, 0, 0], [0, 0, 0], [0, 0, 0]]}, \"upgrade\": 3, \"serverid\": 1, \"taskHide\": [{\"id\": 6001, \"count\": {\"6001\": 7}, \"state\": 0}, {\"id\": 6002, \"count\": {\"6002\": 65}, \"state\": 0}, {\"id\": 6003, \"count\": {\"6003\": 317}, \"state\": 0}, {\"id\": 6004, \"count\": {\"6004\": 817}, \"state\": 0}], \"taskMain\": {\"lastId\": 1091, \"curEntity\": {\"id\": 1092, \"count\": {\"6311\": 0}, \"state\": 0}}, \"arenaInfo\": {\"rank\": 2, \"show\": [{\"id\": \"174611116396581\"}, {\"id\": \"1210\"}, {\"id\": \"174830091157541\"}, {\"id\": \"1255\"}, {\"id\": \"1050\"}], \"nowar\": {}, \"point\": 1837, \"sTime\": \"2024-11-01T00:00:00+08:00\", \"season\": 1, \"challenge\": 0}, \"heroState\": {\"101001\": true, \"102001\": true, \"103001\": true}, \"medalInfo\": {\"exp\": 56, \"mid\": 21}, \"mercenary\": {\"mlv\": {\"1\": {\"id\": 1006, \"exp\": 13, \"fid\": 61002}}, \"actinfo\": {\"an\": 13, \"pn\": 0, \"dam\": 0}, \"flag_time\": \"2024-11-02T11:07:11+08:00\"}, \"privilege\": {\"2\": 1, \"3\": 388, \"4\": 1, \"5\": 1, \"6\": 2, \"7\": 1, \"8\": 2500, \"9\": 2500, \"10\": 2500, \"11\": 1, \"12\": 100, \"13\": 20, \"15\": 1, \"16\": 1288, \"17\": 588, \"18\": 1, \"19\": 5}, \"reDayInfo\": {\"ad_damage\": 0, \"da_awards\": true, \"da_buytag\": 0, \"ad_awardTag\": 0, \"raremst_daily\": 4261, \"elitesweepcount\": 0}, \"taskDaily\": {\"received\": 0, \"tasklist\": {\"2001\": {\"id\": 2001, \"count\": {\"3001\": 100}, \"state\": 0}, \"2002\": {\"id\": 2002, \"count\": {\"3002\": 1}, \"state\": 0}, \"2003\": {\"id\": 2003, \"count\": {\"3003\": 1}, \"state\": 0}, \"2004\": {\"id\": 2004, \"count\": {\"3004\": 0}, \"state\": 0}, \"2005\": {\"id\": 2005, \"count\": {\"3005\": 1}, \"state\": 0}, \"2006\": {\"id\": 2006, \"count\": {\"3006\": 1}, \"state\": 0}, \"2007\": {\"id\": 2007, \"count\": {\"3007\": 3}, \"state\": 0}, \"2008\": {\"id\": 2008, \"count\": {\"3008\": 1}, \"state\": 0}, \"2009\": {\"id\": 2009, \"count\": {\"3033\": 1}, \"state\": 0}, \"2010\": {\"id\": 2010, \"count\": {\"3010\": 3}, \"state\": 0}, \"2011\": {\"id\": 2011, \"count\": {\"3011\": 1}, \"state\": 0}}}, \"timeAward\": {\"dailyNum\": 3, \"startTime\": \"2024-11-02T08:34:33+08:00\"}, \"tmpEquips\": {\"175003373670437\": {\"id\": \"60044\", \"add\": {\"1\": {\"17\": 500}, \"2\": {\"18\": 400}}, \"eid\": \"175003373670437\", \"qid\": 5, \"bper\": 5, \"tmphid\": 103044}}, \"buyItemTag\": {\"timeTag\": {\"1\": 1730486150, \"2\": 1730486154, \"3\": 1730486167, \"4\": 1730520645, \"5\": 1730520644, \"6\": 1730520643, \"13\": 1730486208, \"14\": 1730486210, \"15\": 1730486212, \"16\": 1730486733, \"17\": 1730486731, \"18\": 1730486564, \"21\": 1730485647, \"22\": 1730485651, \"23\": 1730486213, \"24\": 1730486214, \"28\": 1730486163, \"29\": 1730486176, \"30\": 1730486623, \"31\": 1730485761, \"32\": 1730485996, \"33\": 1730487682, \"39\": 1730486298, \"48\": 1730486180, \"76\": 1730486204, \"99\": 1730513969, \"100\": 1730518036, \"104\": 1730487018, \"105\": 1730487031, \"106\": 1730487040, \"107\": 1730487046, \"108\": 1730487052, \"109\": 1730487059, \"112\": 1730487064, \"113\": 1730487070, \"114\": 1730487076, \"125\": 1730487081, \"126\": 1730487087, \"127\": 1730485442}, \"alwayTag\": {\"2\": 1, \"3\": 1, \"18\": 1, \"21\": 1, \"22\": 1, \"99\": 10, \"100\": 4}, \"dailyTag\": {\"4\": 4, \"5\": 4, \"6\": 4, \"13\": 1, \"14\": 1, \"15\": 1, \"16\": 1, \"17\": 5, \"23\": 1, \"24\": 1, \"28\": 1, \"29\": 1, \"30\": 1, \"31\": 1, \"32\": 1, \"33\": 1, \"104\": 1, \"105\": 10, \"106\": 10, \"107\": 10, \"108\": 10, \"109\": 10, \"112\": 10, \"113\": 10, \"114\": 10, \"125\": 10, \"126\": 10, \"127\": 1}, \"doubleTag\": {\"76\": 4}}, \"demonAbyss\": {\"da_pos\": 0, \"da_levels\": 50003, \"da_awards_tag\": 0, \"da_fight_lost\": false}, \"pirateShip\": {\"pos\": 22, \"rank\": 2, \"sTime\": \"2024-11-01T00:00:00+08:00\", \"damage\": 23750, \"season\": 1, \"shipId\": 2, \"killNum\": 9, \"posList\": {\"1\": 1001, \"2\": 1018, \"4\": 1018, \"5\": 1047, \"6\": 1003, \"8\": 1012, \"9\": 1003, \"10\": 1003, \"12\": 1015, \"13\": 1016, \"14\": 1001, \"16\": 1047, \"17\": 1001, \"18\": 1013, \"20\": 1014, \"21\": 1001, \"24\": 1047}, \"rankDAT\": \"2024-11-02T00:00:00+08:00\", \"act_count\": 89, \"fightInfo\": {\"hp\": 950, \"buff\": [], \"buff_idtag\": 2}, \"shellInfo\": {\"1009\": 6, \"1010\": 5, \"1011\": 5}, \"fireEnergy\": 5, \"welfare_lv\": 14, \"welfare_Hlv\": 14, \"adddice_time\": \"2024-11-02T11:11:15+08:00\"}, \"elitelevels\": 10008, \"openWelfare\": {\"received\": 2, \"tasklist\": {\"7001\": {\"id\": 7001, \"count\": {\"7001\": 669}, \"state\": 0}, \"7002\": {\"id\": 7002, \"count\": {\"7002\": 669}, \"state\": 0}, \"7003\": {\"id\": 7003, \"count\": {\"7003\": 669}, \"state\": 0}, \"7004\": {\"id\": 7004, \"count\": {\"7004\": 669}, \"state\": 0}, \"7005\": {\"id\": 7005, \"count\": {\"7005\": 669}, \"state\": 0}, \"7006\": {\"id\": 7006, \"count\": {\"7006\": 669}, \"state\": 0}, \"7007\": {\"id\": 7007, \"count\": {\"7007\": 669}, \"state\": 0}, \"7008\": {\"id\": 7008, \"count\": {\"7008\": 6}, \"state\": 1}, \"7009\": {\"id\": 7009, \"count\": {\"7009\": 7}, \"state\": 1}, \"7010\": {\"id\": 7010, \"count\": {\"7010\": 9}, \"state\": 1}, \"7011\": {\"id\": 7011, \"count\": {\"7011\": 10}, \"state\": 1}, \"7012\": {\"id\": 7012, \"count\": {\"7012\": 15}, \"state\": 1}, \"7013\": {\"id\": 7013, \"count\": {\"7013\": 0}, \"state\": 0}, \"7014\": {\"id\": 7014, \"count\": {\"7014\": 0}, \"state\": 0}, \"7015\": {\"id\": 7015, \"count\": {\"7015\": 0}, \"state\": 0}, \"7016\": {\"id\": 7016, \"count\": {\"7016\": 0}, \"state\": 0}, \"7017\": {\"id\": 7017, \"count\": {\"7017\": 10}, \"state\": 1}, \"7018\": {\"id\": 7018, \"count\": {\"7018\": 17}, \"state\": 0}, \"7019\": {\"id\": 7019, \"count\": {\"7019\": 17}, \"state\": 0}, \"7020\": {\"id\": 7020, \"count\": {\"7020\": 17}, \"state\": 0}, \"7021\": {\"id\": 7021, \"count\": {\"7021\": 17}, \"state\": 0}, \"7022\": {\"id\": 7022, \"count\": {\"7022\": 17}, \"state\": 0}, \"7023\": {\"id\": 7023, \"count\": {\"7023\": 10}, \"state\": 1}, \"7024\": {\"id\": 7024, \"count\": {\"7024\": 30}, \"state\": 1}, \"7025\": {\"id\": 7025, \"count\": {\"7025\": 50}, \"state\": 1}, \"7026\": {\"id\": 7026, \"count\": {\"7026\": 70}, \"state\": 1}, \"7027\": {\"id\": 7027, \"count\": {\"7027\": 90}, \"state\": 1}, \"7028\": {\"id\": 7028, \"count\": {\"7028\": 120}, \"state\": 1}, \"7029\": {\"id\": 7029, \"count\": {\"7029\": 10}, \"state\": 1}, \"7030\": {\"id\": 7030, \"count\": {\"7030\": 13}, \"state\": 0}, \"7031\": {\"id\": 7031, \"count\": {\"7031\": 13}, \"state\": 0}, \"7032\": {\"id\": 7032, \"count\": {\"7032\": 13}, \"state\": 0}, \"7033\": {\"id\": 7033, \"count\": {\"7033\": 13}, \"state\": 0}, \"7034\": {\"id\": 7034, \"count\": {\"7034\": 13}, \"state\": 0}, \"7035\": {\"id\": 7035, \"count\": {\"7035\": 5}, \"state\": 1}, \"7036\": {\"id\": 7036, \"count\": {\"7036\": 10}, \"state\": 1}, \"7037\": {\"id\": 7037, \"count\": {\"7037\": 20}, \"state\": 1}, \"7038\": {\"id\": 7038, \"count\": {\"7038\": 30}, \"state\": 1}, \"7039\": {\"id\": 7039, \"count\": {\"7039\": 3}, \"state\": 0}, \"7040\": {\"id\": 7040, \"count\": {\"7040\": 3}, \"state\": 0}, \"7041\": {\"id\": 7041, \"count\": {\"7041\": 3}, \"state\": 0}, \"7042\": {\"id\": 7042, \"count\": {\"7042\": 3}, \"state\": 0}, \"7043\": {\"id\": 7043, \"count\": {\"4024\": 0}, \"state\": 0}, \"7044\": {\"id\": 7044, \"count\": {\"4027\": 0}, \"state\": 0}, \"7045\": {\"id\": 7045, \"count\": {\"4030\": 0}, \"state\": 0}, \"7046\": {\"id\": 7046, \"count\": {\"4033\": 0}, \"state\": 0}, \"7047\": {\"id\": 7047, \"count\": {\"4034\": 0}, \"state\": 0}, \"7048\": {\"id\": 7048, \"count\": {\"5001\": 10005}, \"state\": 1}, \"7049\": {\"id\": 7049, \"count\": {\"5002\": 0}, \"state\": 0}, \"7050\": {\"id\": 7050, \"count\": {\"5003\": 0}, \"state\": 0}, \"7051\": {\"id\": 7051, \"count\": {\"5004\": 0}, \"state\": 0}, \"7052\": {\"id\": 7052, \"count\": {\"5005\": 0}, \"state\": 0}, \"7053\": {\"id\": 7053, \"count\": {\"5006\": 0}, \"state\": 0}, \"7054\": {\"id\": 7054, \"count\": {\"5007\": 0}, \"state\": 0}, \"7055\": {\"id\": 7055, \"count\": {\"3016\": 40}, \"state\": 1}, \"7056\": {\"id\": 7056, \"count\": {\"3017\": 44}, \"state\": 0}, \"7057\": {\"id\": 7057, \"count\": {\"3018\": 44}, \"state\": 0}, \"7058\": {\"id\": 7058, \"count\": {\"3019\": 44}, \"state\": 0}, \"7059\": {\"id\": 7059, \"count\": {\"3020\": 44}, \"state\": 0}, \"7060\": {\"id\": 7060, \"count\": {\"3021\": 44}, \"state\": 0}, \"7061\": {\"id\": 7061, \"count\": {\"7043\": 10}, \"state\": 1}, \"7062\": {\"id\": 7062, \"count\": {\"7044\": 50}, \"state\": 1}, \"7063\": {\"id\": 7063, \"count\": {\"7045\": 100}, \"state\": 0}, \"7064\": {\"id\": 7064, \"count\": {\"7046\": 3}, \"state\": 0}, \"7065\": {\"id\": 7065, \"count\": {\"7047\": 3}, \"state\": 0}, \"7066\": {\"id\": 7066, \"count\": {\"7048\": 3}, \"state\": 0}, \"7067\": {\"id\": 7067, \"count\": {\"7049\": 3}, \"state\": 0}, \"7068\": {\"id\": 7068, \"count\": {\"7050\": 3}, \"state\": 0}, \"7069\": {\"id\": 7069, \"count\": {\"7051\": 29}, \"state\": 0}, \"7070\": {\"id\": 7070, \"count\": {\"7052\": 0}, \"state\": 0}, \"7071\": {\"id\": 7071, \"count\": {\"7053\": 0}, \"state\": 0}, \"7072\": {\"id\": 7072, \"count\": {\"6341\": 0}, \"state\": 0}}, \"totalPoint\": 3780}, \"taskUpgrade\": [{\"id\": 3017, \"count\": {\"3017\": 44}, \"state\": 0}, {\"id\": 4019, \"count\": {\"4019\": 0}, \"state\": 0}, {\"id\": 5101, \"count\": {\"5101\": 6}, \"state\": 1}], \"rechargeGift\": {\"500\": 1, \"1000\": 1, \"5000\": 1, \"10000\": 1, \"30000\": 1}, \"rechargeInfo\": {\"total6Days\": 1, \"dailyAmounts\": 53810, \"today6IsPaid\": true, \"totalAmounts\": 53810}, \"rechargeShop\": {\"fundEbox_Lv\": 18, \"fundEbox_HLv\": 18, \"fundLevel_Lv\": 40, \"fundLevel_HLv\": 40, \"monsthCard_daily\": true, \"foreverCard_daily\": true}, \"sysOpenAward\": [1005, 1021, 2003, 1022, 1007, 1020, 2001, 1003, 1040, 1039, 1038, 1036, 1042], \"welfareDaily\": {\"receivedDays\": 1, \"todayReceived\": true}, \"welfareLevel\": 0, \"lastFightType\": 2, \"lastlogintime\": \"2024-11-02T12:10:25+08:00\", \"taskTargetTag\": {\"3\": 817, \"5\": 766, \"7\": 275, \"23\": 6, \"38\": 0}, \"welfarePaidDaily\": {\"dailyReceived\": true, \"receivedPaidDays\": 1}}', '2024-11-02 12:12:16.001', 1, 0),
('174994216882213', 15, 40, 10, '{\"ico\": \"1\", \"ver\": \"0.0.8\", \"ebox\": {\"lv\": 2, \"speCount\": 35, \"lvUpCount\": 2}, \"name\": \"抉择的鸿晖\", \"sbox\": {\"speCount\": 10}, \"xbox\": {\"award\": [], \"times\": [], \"total\": 0, \"speCount\": 0}, \"email\": {\"ids\": {}, \"lasteid\": 0}, \"fteam\": [101015, 102010], \"skill\": {\"list\": {\"3001001\": {}, \"3009001\": {}}}, \"title\": {\"id\": {}, \"show\": 0}, \"roleid\": \"174994216882213\", \"status\": {}, \"adverts\": false, \"fashion\": {\"id\": {}, \"dress\": {}}, \"upgrade\": 1, \"serverid\": 1, \"taskHide\": [{\"id\": 6001, \"count\": {\"6001\": 11}, \"state\": 0}, {\"id\": 6002, \"count\": {\"6002\": 101}, \"state\": 0}, {\"id\": 6003, \"count\": {\"6003\": 101}, \"state\": 0}, {\"id\": 6004, \"count\": {\"6004\": 101}, \"state\": 0}], \"taskMain\": {\"lastId\": 1023, \"curEntity\": {\"id\": 1024, \"count\": {\"4001\": 0}, \"state\": 0}}, \"heroState\": {\"101001\": true, \"102001\": true, \"103001\": false}, \"medalInfo\": {\"exp\": 54, \"mid\": 2}, \"privilege\": {}, \"reDayInfo\": {\"ad_damage\": 0, \"da_awards\": false, \"da_buytag\": 0, \"ad_awardTag\": 0, \"raremst_daily\": 0, \"elitesweepcount\": 0}, \"taskDaily\": {\"received\": 0, \"tasklist\": {\"2001\": {\"id\": 2001, \"count\": {\"3001\": 100}, \"state\": 0}, \"2002\": {\"id\": 2002, \"count\": {\"3002\": 1}, \"state\": 0}, \"2003\": {\"id\": 2003, \"count\": {\"3003\": 0}, \"state\": 0}, \"2004\": {\"id\": 2004, \"count\": {\"3004\": 0}, \"state\": 0}, \"2005\": {\"id\": 2005, \"count\": {\"3005\": 1}, \"state\": 0}, \"2006\": {\"id\": 2006, \"count\": {\"3006\": 1}, \"state\": 0}, \"2007\": {\"id\": 2007, \"count\": {\"3007\": 0}, \"state\": 0}, \"2008\": {\"id\": 2008, \"count\": {\"3008\": 1}, \"state\": 0}, \"2009\": {\"id\": 2009, \"count\": {\"3033\": 0}, \"state\": 0}, \"2010\": {\"id\": 2010, \"count\": {\"3010\": 0}, \"state\": 0}, \"2011\": {\"id\": 2011, \"count\": {\"3011\": 0}, \"state\": 0}}}, \"timeAward\": {\"dailyNum\": 3, \"startTime\": \"2024-11-02T11:34:34+08:00\"}, \"tmpEquips\": {\"175021887213605\": {\"id\": \"50017\", \"eid\": \"175021887213605\", \"qid\": 1, \"bper\": 22, \"tmphid\": 102010}}, \"buyItemTag\": {\"timeTag\": {\"4\": 1730525100, \"5\": 1730525101, \"6\": 1730525103, \"13\": 1730524759, \"127\": 1730518401}, \"alwayTag\": {}, \"dailyTag\": {\"4\": 2, \"5\": 2, \"6\": 2, \"13\": 1, \"127\": 1}, \"doubleTag\": {}}, \"elitelevels\": 0, \"taskUpgrade\": [{\"id\": 3032, \"count\": {\"3032\": 15}, \"state\": 0}, {\"id\": 4035, \"count\": {\"4035\": 0}, \"state\": 0}, {\"id\": 5202, \"count\": {\"5202\": 100}, \"state\": 0}], \"rechargeInfo\": {\"total6Days\": 0, \"dailyAmounts\": 0, \"today6IsPaid\": false, \"totalAmounts\": 0}, \"rechargeShop\": {\"fundEbox_Lv\": 2, \"fundEbox_HLv\": 0, \"fundLevel_Lv\": 10, \"fundLevel_HLv\": 0, \"monsthCard_daily\": false, \"foreverCard_daily\": false}, \"sysOpenAward\": [1005, 1021, 2003], \"welfareDaily\": {\"receivedDays\": 1, \"todayReceived\": true}, \"welfareLevel\": 0, \"lastFightType\": 10, \"lastlogintime\": \"2024-11-02T13:35:38+08:00\", \"taskTargetTag\": {\"3\": 101, \"5\": 0, \"7\": 1, \"23\": 0, \"38\": 0}, \"welfarePaidDaily\": {\"dailyReceived\": true, \"receivedPaidDays\": 0}}', '2024-11-02 13:35:41.002', 1, 0),
('174990842449957', 6, 30, 4, '{\"ico\": \"1\", \"ver\": \"0.0.8\", \"ebox\": {\"lv\": 1, \"speCount\": 6}, \"name\": \"忧郁的水心\", \"sbox\": {\"speCount\": 10}, \"email\": {\"ids\": {}, \"lasteid\": 0}, \"fteam\": [101006], \"skill\": {\"list\": {\"3009001\": {}}}, \"title\": {\"id\": {}, \"show\": 0}, \"roleid\": \"174990842449957\", \"status\": {}, \"adverts\": false, \"fashion\": {\"id\": {}, \"dress\": {}}, \"upgrade\": 1, \"serverid\": 1, \"taskHide\": [{\"id\": 6001, \"count\": {\"6001\": 28}, \"state\": 0}, {\"id\": 6002, \"count\": {\"6002\": 28}, \"state\": 0}, {\"id\": 6003, \"count\": {\"6003\": 28}, \"state\": 0}, {\"id\": 6004, \"count\": {\"6004\": 28}, \"state\": 0}], \"taskMain\": {\"lastId\": 1009, \"curEntity\": {\"id\": 1010, \"count\": {\"2007\": 0}, \"state\": 0}}, \"heroState\": {\"101001\": true, \"102001\": false, \"103001\": false}, \"privilege\": {}, \"reDayInfo\": {\"ad_damage\": 0, \"da_awards\": false, \"da_buytag\": 0, \"ad_awardTag\": 0, \"raremst_daily\": 0, \"elitesweepcount\": 0}, \"taskDaily\": {\"received\": 0, \"tasklist\": {\"2001\": {\"id\": 2001, \"count\": {\"3001\": 28}, \"state\": 0}, \"2002\": {\"id\": 2002, \"count\": {\"3002\": 0}, \"state\": 0}, \"2003\": {\"id\": 2003, \"count\": {\"3003\": 0}, \"state\": 0}, \"2004\": {\"id\": 2004, \"count\": {\"3004\": 0}, \"state\": 0}, \"2005\": {\"id\": 2005, \"count\": {\"3005\": 0}, \"state\": 0}, \"2006\": {\"id\": 2006, \"count\": {\"3006\": 1}, \"state\": 0}, \"2007\": {\"id\": 2007, \"count\": {\"3007\": 0}, \"state\": 0}, \"2008\": {\"id\": 2008, \"count\": {\"3008\": 0}, \"state\": 0}, \"2009\": {\"id\": 2009, \"count\": {\"3033\": 0}, \"state\": 0}, \"2010\": {\"id\": 2010, \"count\": {\"3010\": 0}, \"state\": 0}, \"2011\": {\"id\": 2011, \"count\": {\"3011\": 0}, \"state\": 0}}}, \"timeAward\": {\"dailyNum\": 3, \"startTime\": \"2024-11-02T11:22:41+08:00\"}, \"tmpEquips\": {}, \"buyItemTag\": {\"timeTag\": {\"127\": 1730517641}, \"alwayTag\": {}, \"dailyTag\": {\"127\": 1}, \"doubleTag\": {}}, \"elitelevels\": 0, \"taskUpgrade\": [{\"id\": 3032, \"count\": {\"3032\": 6}, \"state\": 0}, {\"id\": 4035, \"count\": {\"4035\": 0}, \"state\": 0}, {\"id\": 5202, \"count\": {\"5202\": 28}, \"state\": 0}], \"rechargeInfo\": {\"total6Days\": 0, \"dailyAmounts\": 0, \"today6IsPaid\": false, \"totalAmounts\": 0}, \"rechargeShop\": {}, \"sysOpenAward\": [1005], \"lastFightType\": 10, \"lastlogintime\": \"2024-11-02T11:19:33+08:00\", \"taskTargetTag\": {\"3\": 28, \"5\": 0, \"7\": 0, \"23\": 0, \"38\": 0}}', '2024-11-02 11:27:46.014', 1, 0),
('174991351717925', 15, 10, 13, '{\"ico\": \"1\", \"ver\": \"0.0.8\", \"ebox\": {\"lv\": 2, \"speCount\": 9}, \"name\": \"肃立的书白\", \"sbox\": {\"speCount\": 10}, \"xbox\": {\"award\": [], \"times\": [], \"total\": 0, \"speCount\": 0}, \"email\": {\"ids\": {}, \"lasteid\": 0}, \"fteam\": [101015, 102012], \"skill\": {\"list\": {\"3001001\": {}, \"3009001\": {}}}, \"title\": {\"id\": {}, \"show\": 0}, \"roleid\": \"174991351717925\", \"status\": {}, \"adverts\": false, \"fashion\": {\"id\": {}, \"dress\": {}}, \"upgrade\": 1, \"serverid\": 1, \"taskHide\": [{\"id\": 6001, \"count\": {\"6001\": 14}, \"state\": 0}, {\"id\": 6002, \"count\": {\"6002\": 104}, \"state\": 0}, {\"id\": 6003, \"count\": {\"6003\": 104}, \"state\": 0}, {\"id\": 6004, \"count\": {\"6004\": 104}, \"state\": 0}], \"taskMain\": {\"lastId\": 1026, \"curEntity\": {\"id\": 1027, \"count\": {\"4002\": 0}, \"state\": 0}}, \"heroState\": {\"101001\": true, \"102001\": true, \"103001\": false}, \"medalInfo\": {\"exp\": 25, \"mid\": 3}, \"privilege\": {}, \"reDayInfo\": {\"ad_damage\": 0, \"da_awards\": false, \"da_buytag\": 0, \"ad_awardTag\": 0, \"raremst_daily\": 0, \"elitesweepcount\": 0}, \"taskDaily\": {\"received\": 0, \"tasklist\": {\"2001\": {\"id\": 2001, \"count\": {\"3001\": 100}, \"state\": 0}, \"2002\": {\"id\": 2002, \"count\": {\"3002\": 1}, \"state\": 0}, \"2003\": {\"id\": 2003, \"count\": {\"3003\": 0}, \"state\": 0}, \"2004\": {\"id\": 2004, \"count\": {\"3004\": 0}, \"state\": 0}, \"2005\": {\"id\": 2005, \"count\": {\"3005\": 1}, \"state\": 0}, \"2006\": {\"id\": 2006, \"count\": {\"3006\": 1}, \"state\": 0}, \"2007\": {\"id\": 2007, \"count\": {\"3007\": 0}, \"state\": 0}, \"2008\": {\"id\": 2008, \"count\": {\"3008\": 1}, \"state\": 0}, \"2009\": {\"id\": 2009, \"count\": {\"3033\": 0}, \"state\": 0}, \"2010\": {\"id\": 2010, \"count\": {\"3010\": 0}, \"state\": 0}, \"2011\": {\"id\": 2011, \"count\": {\"3011\": 0}, \"state\": 0}}}, \"timeAward\": {\"dailyNum\": 3, \"startTime\": \"2024-11-02T11:22:50+08:00\"}, \"tmpEquips\": {}, \"buyItemTag\": {\"timeTag\": {\"4\": 1730520363, \"5\": 1730520361, \"6\": 1730520362, \"13\": 1730520051, \"127\": 1730517701}, \"alwayTag\": {}, \"dailyTag\": {\"4\": 2, \"5\": 2, \"6\": 2, \"13\": 1, \"127\": 1}, \"doubleTag\": {}}, \"elitelevels\": 0, \"taskUpgrade\": [{\"id\": 3032, \"count\": {\"3032\": 15}, \"state\": 0}, {\"id\": 4035, \"count\": {\"4035\": 0}, \"state\": 0}, {\"id\": 5202, \"count\": {\"5202\": 100}, \"state\": 0}], \"rechargeInfo\": {\"total6Days\": 0, \"dailyAmounts\": 0, \"today6IsPaid\": false, \"totalAmounts\": 0}, \"rechargeShop\": {\"fundEbox_Lv\": 0, \"fundLevel_Lv\": 0, \"monsthCard_daily\": false, \"foreverCard_daily\": false}, \"sysOpenAward\": [1005, 1021], \"welfareDaily\": {\"receivedDays\": 1, \"todayReceived\": true}, \"welfareLevel\": 0, \"lastFightType\": 10, \"lastlogintime\": \"2024-11-02T12:05:10+08:00\", \"taskTargetTag\": {\"3\": 104, \"5\": 0, \"7\": 2, \"23\": 0, \"38\": 0}, \"welfarePaidDaily\": {\"dailyReceived\": true, \"receivedPaidDays\": 0}}', '2024-11-02 12:07:36.010', 1, 0);
INSERT INTO `roleinfo` (`id`, `rolelevel`, `exp`, `gamelevels`, `info`, `updatedAt`, `serverid`, `merge`) VALUES
('175002015010853', 6, 20, 3, '{\"ico\": \"1\", \"ver\": \"0.0.8\", \"ebox\": {\"lv\": 1, \"speCount\": 5, \"lvUpCount\": 2}, \"name\": \"风花雪月的羽丰\", \"sbox\": {\"speCount\": 10}, \"email\": {\"ids\": {}, \"lasteid\": 0}, \"fteam\": [101006], \"skill\": {\"list\": {\"3009001\": {}}}, \"title\": {\"id\": {}, \"show\": 0}, \"roleid\": \"175002015010853\", \"status\": {}, \"adverts\": false, \"fashion\": {\"id\": {}, \"dress\": {}}, \"upgrade\": 1, \"serverid\": 1, \"taskHide\": [{\"id\": 6001, \"count\": {\"6001\": 27}, \"state\": 0}, {\"id\": 6002, \"count\": {\"6002\": 27}, \"state\": 0}, {\"id\": 6003, \"count\": {\"6003\": 27}, \"state\": 0}, {\"id\": 6004, \"count\": {\"6004\": 27}, \"state\": 0}], \"taskMain\": {\"lastId\": 1007, \"curEntity\": {\"id\": 1008, \"count\": {\"2038\": 3}, \"state\": 0}}, \"heroState\": {\"101001\": true, \"102001\": false, \"103001\": false}, \"privilege\": {}, \"reDayInfo\": {\"ad_damage\": 0, \"da_awards\": false, \"da_buytag\": 0, \"ad_awardTag\": 0, \"raremst_daily\": 0, \"elitesweepcount\": 0}, \"taskDaily\": {\"received\": 0, \"tasklist\": {\"2001\": {\"id\": 2001, \"count\": {\"3001\": 27}, \"state\": 0}, \"2002\": {\"id\": 2002, \"count\": {\"3002\": 0}, \"state\": 0}, \"2003\": {\"id\": 2003, \"count\": {\"3003\": 0}, \"state\": 0}, \"2004\": {\"id\": 2004, \"count\": {\"3004\": 0}, \"state\": 0}, \"2005\": {\"id\": 2005, \"count\": {\"3005\": 0}, \"state\": 0}, \"2006\": {\"id\": 2006, \"count\": {\"3006\": 1}, \"state\": 0}, \"2007\": {\"id\": 2007, \"count\": {\"3007\": 0}, \"state\": 0}, \"2008\": {\"id\": 2008, \"count\": {\"3008\": 0}, \"state\": 0}, \"2009\": {\"id\": 2009, \"count\": {\"3033\": 0}, \"state\": 0}, \"2010\": {\"id\": 2010, \"count\": {\"3010\": 0}, \"state\": 0}, \"2011\": {\"id\": 2011, \"count\": {\"3011\": 0}, \"state\": 0}}}, \"timeAward\": {\"dailyNum\": 3, \"startTime\": \"2024-11-02T12:05:56+08:00\"}, \"tmpEquips\": {}, \"buyItemTag\": {\"timeTag\": {\"127\": 1730520303}, \"alwayTag\": {}, \"dailyTag\": {\"127\": 1}, \"doubleTag\": {}}, \"elitelevels\": 0, \"taskUpgrade\": [{\"id\": 3032, \"count\": {\"3032\": 6}, \"state\": 0}, {\"id\": 4035, \"count\": {\"4035\": 0}, \"state\": 0}, {\"id\": 5202, \"count\": {\"5202\": 27}, \"state\": 0}], \"rechargeInfo\": {\"total6Days\": 0, \"dailyAmounts\": 0, \"today6IsPaid\": false, \"totalAmounts\": 0}, \"rechargeShop\": {}, \"lastFightType\": 10, \"lastlogintime\": \"2024-11-02T12:05:01+08:00\", \"taskTargetTag\": {\"3\": 27, \"5\": 0, \"7\": 0, \"23\": 0, \"38\": 0}}', '2024-11-02 12:09:11.010', 1, 0),
('175002477776933', 7, 20, 0, '{\"ico\": \"1\", \"ver\": \"0.0.8\", \"ebox\": {\"lv\": 1, \"speCount\": 10}, \"name\": \"风调雨顺的翰驰\", \"sbox\": {\"speCount\": 10}, \"email\": {\"ids\": {}, \"lasteid\": 0}, \"fteam\": [101007], \"skill\": {\"list\": {\"3009001\": {}}}, \"title\": {\"id\": {}, \"show\": 0}, \"roleid\": \"175002477776933\", \"status\": {}, \"adverts\": false, \"fashion\": {\"id\": {}, \"dress\": {}}, \"upgrade\": 1, \"serverid\": 1, \"taskHide\": [{\"id\": 6001, \"count\": {\"6001\": 2}, \"state\": 0}, {\"id\": 6002, \"count\": {\"6002\": 32}, \"state\": 0}, {\"id\": 6003, \"count\": {\"6003\": 32}, \"state\": 0}, {\"id\": 6004, \"count\": {\"6004\": 32}, \"state\": 0}], \"taskMain\": {\"lastId\": 1001, \"curEntity\": {\"id\": 1002, \"count\": {\"2038\": 5}, \"state\": 0}}, \"heroState\": {\"101001\": true, \"102001\": false, \"103001\": false}, \"privilege\": {}, \"reDayInfo\": {\"ad_damage\": 0, \"da_awards\": false, \"da_buytag\": 0, \"ad_awardTag\": 0, \"raremst_daily\": 0, \"elitesweepcount\": 0}, \"taskDaily\": {\"received\": 0, \"tasklist\": {\"2001\": {\"id\": 2001, \"count\": {\"3001\": 32}, \"state\": 0}, \"2002\": {\"id\": 2002, \"count\": {\"3002\": 0}, \"state\": 0}, \"2003\": {\"id\": 2003, \"count\": {\"3003\": 0}, \"state\": 0}, \"2004\": {\"id\": 2004, \"count\": {\"3004\": 0}, \"state\": 0}, \"2005\": {\"id\": 2005, \"count\": {\"3005\": 0}, \"state\": 0}, \"2006\": {\"id\": 2006, \"count\": {\"3006\": 0}, \"state\": 0}, \"2007\": {\"id\": 2007, \"count\": {\"3007\": 0}, \"state\": 0}, \"2008\": {\"id\": 2008, \"count\": {\"3008\": 0}, \"state\": 0}, \"2009\": {\"id\": 2009, \"count\": {\"3033\": 0}, \"state\": 0}, \"2010\": {\"id\": 2010, \"count\": {\"3010\": 0}, \"state\": 0}, \"2011\": {\"id\": 2011, \"count\": {\"3011\": 0}, \"state\": 0}}}, \"timeAward\": {\"dailyNum\": 3, \"startTime\": \"2024-11-02T12:07:28+08:00\"}, \"tmpEquips\": {}, \"buyItemTag\": {\"timeTag\": {\"127\": 1730520416}, \"alwayTag\": {}, \"dailyTag\": {\"127\": 1}, \"doubleTag\": {}}, \"elitelevels\": 0, \"taskUpgrade\": [{\"id\": 3032, \"count\": {\"3032\": 7}, \"state\": 0}, {\"id\": 4035, \"count\": {\"4035\": 0}, \"state\": 0}, {\"id\": 5202, \"count\": {\"5202\": 32}, \"state\": 0}], \"rechargeInfo\": {\"total6Days\": 0, \"dailyAmounts\": 0, \"today6IsPaid\": false, \"totalAmounts\": 0}, \"rechargeShop\": {}, \"lastlogintime\": \"2024-11-02T12:06:54+08:00\", \"taskTargetTag\": {\"3\": 32, \"5\": 0, \"7\": 0, \"23\": 0, \"38\": 0}}', '2024-11-02 12:09:11.001', 1, 0);

-- --------------------------------------------------------

--
-- 表的结构 `roleitem`
--

CREATE TABLE `roleitem` (
  `id` char(16) COLLATE utf8mb4_unicode_ci NOT NULL,
  `info` json NOT NULL,
  `updatedAt` datetime(3) NOT NULL DEFAULT CURRENT_TIMESTAMP(3),
  `serverid` smallint UNSIGNED NOT NULL DEFAULT '1'
) ENGINE=MyISAM DEFAULT CHARSET=utf8mb4 COLLATE=utf8mb4_unicode_ci;

--
-- 转存表中的数据 `roleitem`
--

INSERT INTO `roleitem` (`id`, `info`, `updatedAt`, `serverid`) VALUES
('174611116396581', '{\"1001\": 498149, \"1002\": 20306, \"1003\": 879, \"1004\": 50, \"1005\": 13317, \"1007\": 0, \"1008\": 201, \"1012\": 10, \"1018\": 1097, \"1019\": 39996, \"1041\": 275, \"2017\": 400, \"2028\": 20, \"6001\": 0, \"6002\": 0, \"6012\": 0, \"6013\": 0, \"6021\": 0, \"6025\": 0}', '2024-11-02 13:11:56.002', 1),
('174617442312229', '{\"1003\": 50}', '2024-11-01 10:00:11.521', 1),
('174621752082469', '{\"1003\": 50}', '2024-11-01 10:17:43.707', 1),
('174622294884389', '{\"1003\": 50}', '2024-11-01 10:19:56.227', 1),
('174656230735909', '{\"1003\": 50}', '2024-11-01 12:38:01.344', 1),
('174656877768741', '{\"1003\": 50}', '2024-11-01 12:40:39.305', 1),
('174661026070565', '{\"1003\": 50}', '2024-11-01 12:57:32.074', 1),
('174668269428773', '{\"1003\": 50}', '2024-11-01 13:27:00.473', 1),
('174668719435813', '{\"1003\": 50}', '2024-11-01 13:28:50.336', 1),
('174672660287525', '{\"1003\": 50}', '2024-11-01 13:44:52.462', 1),
('174677618221093', '{\"1003\": 50}', '2024-11-01 14:05:02.891', 1),
('174746023329829', '{\"1003\": 50}', '2024-11-01 18:43:23.357', 1),
('174830091157541', '{\"1001\": 1313231842, \"1002\": 236632264, \"1003\": 163252, \"1004\": 5117, \"1005\": 166100, \"1006\": 160, \"1007\": 159378, \"1008\": 121197, \"1012\": 0, \"1013\": 10, \"1014\": 2, \"1017\": 26, \"1018\": 55648, \"1020\": 0, \"1021\": 0, \"1023\": 1, \"1026\": 1, \"1027\": 0, \"1028\": 16, \"1029\": 0, \"1030\": 0, \"1032\": 306, \"1034\": 1876083, \"1035\": 0, \"1036\": 627, \"1038\": 0, \"1039\": 0, \"1040\": 109990, \"1041\": 83, \"1042\": 0, \"1044\": 50, \"1045\": 500, \"1046\": 1000, \"1047\": 9, \"2001\": 6008, \"2002\": 5849, \"2003\": 2346, \"2004\": 845, \"2005\": 200, \"2006\": 2331, \"2007\": 2593, \"2008\": 2163, \"2009\": 1979, \"2010\": 2520, \"2011\": 2645, \"2012\": 2241, \"2013\": 2780, \"2014\": 190, \"2015\": 996, \"2016\": 5969, \"2017\": 873, \"2018\": 2549, \"2019\": 2083, \"2020\": 147, \"2021\": 6142, \"2022\": 2057, \"2023\": 2375, \"2024\": 2147, \"2025\": 2756, \"2026\": 2455, \"2027\": 2289, \"2028\": 7124, \"2029\": 7250, \"2030\": 107, \"3001\": 2841, \"3002\": 15918, \"3003\": 16459, \"3004\": 16874, \"3005\": 17666, \"3006\": 16168, \"3007\": 16836, \"3008\": 3269, \"3009\": 1321, \"3010\": 16352, \"3011\": 15795, \"3012\": 16000, \"3013\": 15432, \"3014\": 2629, \"3015\": 170, \"3016\": 2791, \"3017\": 3816, \"3018\": 3711, \"3019\": 3129, \"3020\": 290, \"3021\": 134, \"3022\": 66, \"3023\": 56, \"3024\": 506, \"3025\": 263, \"3026\": 187, \"3027\": 137, \"3028\": 133, \"3029\": 174, \"3030\": 70, \"3031\": 164, \"3032\": 63, \"4001\": 1, \"4002\": 1, \"4011\": 1, \"4021\": 1, \"4031\": 2, \"4041\": 1, \"4051\": 1, \"4061\": 2, \"4071\": 1, \"4081\": 1, \"6001\": 0, \"6002\": 0, \"6003\": 0, \"6012\": 0, \"6015\": 0, \"6021\": 0, \"6023\": 0, \"6025\": 0}', '2024-11-02 06:28:46.002', 1),
('174859206438949', '{\"1001\": 33194020, \"1002\": 70074, \"1003\": 15792, \"1004\": 3563, \"1005\": 0, \"1007\": 0, \"1008\": 251, \"1012\": 0, \"1013\": 10, \"1014\": 7, \"1017\": 57, \"1018\": 10, \"1020\": 0, \"1023\": 0, \"1032\": 5, \"1034\": 421, \"1036\": 0, \"1038\": 1, \"1040\": 3, \"1041\": 0, \"1042\": 180, \"1047\": 9, \"2001\": 174, \"2002\": 194, \"2003\": 72, \"2004\": 60, \"2005\": 24, \"2006\": 45, \"2007\": 74, \"2008\": 30, \"2009\": 7, \"2010\": 48, \"2011\": 15, \"2012\": 123, \"2013\": 158, \"2014\": 62, \"2015\": 34, \"2016\": 137, \"2017\": 148, \"2018\": 64, \"2019\": 7, \"2020\": 2, \"2021\": 172, \"2022\": 10, \"2023\": 88, \"2024\": 113, \"2025\": 17, \"2026\": 62, \"2027\": 76, \"2028\": 154, \"2029\": 113, \"2030\": 47, \"3001\": 652, \"3002\": 1113, \"3003\": 1254, \"3004\": 1127, \"3005\": 1106, \"3006\": 1044, \"3007\": 1187, \"3008\": 609, \"3009\": 447, \"3010\": 1234, \"3011\": 1137, \"3012\": 1304, \"3013\": 1085, \"3014\": 525, \"3015\": 343, \"3016\": 616, \"3017\": 453, \"3018\": 628, \"3019\": 625, \"3020\": 248, \"3021\": 206, \"3022\": 352, \"3023\": 352, \"3024\": 405, \"3025\": 351, \"3026\": 151, \"3027\": 39, \"3028\": 172, \"3029\": 218, \"3030\": 197, \"3031\": 126, \"3032\": 164, \"6001\": 0, \"6002\": 0, \"6012\": 0, \"6021\": 0}', '2024-11-02 12:12:16.001', 1),
('174990842449957', '{\"1001\": 612, \"1002\": 100, \"1003\": 121, \"1005\": 4}', '2024-11-02 11:27:46.014', 1),
('174991351717925', '{\"1001\": 1538, \"1002\": 190, \"1003\": 198, \"1005\": 16, \"1007\": 13, \"1012\": 10, \"1018\": 29}', '2024-11-02 12:07:36.010', 1),
('174994216882213', '{\"1001\": 2450, \"1002\": 200, \"1003\": 196, \"1005\": 10, \"1007\": 15, \"1012\": 10, \"1018\": 26}', '2024-11-02 13:35:41.002', 1),
('175002015010853', '{\"1001\": 282, \"1003\": 111, \"1005\": 3}', '2024-11-02 12:09:11.010', 1),
('175002477776933', '{\"1001\": 658, \"1003\": 73, \"1018\": 1}', '2024-11-02 12:09:11.001', 1);

-- --------------------------------------------------------

--
-- 表的结构 `serverinfo`
--

CREATE TABLE `serverinfo` (
  `id` int NOT NULL,
  `serverid` smallint UNSIGNED NOT NULL DEFAULT '0',
  `info` json NOT NULL,
  `updatedAt` datetime(3) NOT NULL DEFAULT CURRENT_TIMESTAMP(3),
  `nodeid` smallint UNSIGNED NOT NULL DEFAULT '1'
) ENGINE=MyISAM DEFAULT CHARSET=utf8mb4 COLLATE=utf8mb4_unicode_ci;

--
-- 转存表中的数据 `serverinfo`
--

INSERT INTO `serverinfo` (`id`, `serverid`, `info`, `updatedAt`, `nodeid`) VALUES
(3, 1, '{\"status\": \"Open\", \"arenaData\": {\"lrank\": [], \"sTime\": \"2024-11-01T00:00:00+08:00\", \"season\": 1}, \"resetTime\": \"2024-11-01T00:00:00+08:00\", \"startTime\": \"2024-11-01T19:34:54+08:00\", \"pirateShip\": {\"rank\": [{\"c\": \"3\", \"d\": \"47200\", \"f\": \"65768846\", \"n\": \"秦夕颜\", \"t\": \"2024-11-02T05:55:02.087Z\", \"id\": \"174830091157541\"}, {\"c\": \"1\", \"d\": \"23750\", \"f\": \"3559870\", \"n\": \"依依不舍的安歌\", \"t\": \"2024-11-02T11:26:23.548Z\", \"id\": \"174859206438949\"}], \"lrank\": [], \"sTime\": \"2024-11-01T00:00:00+08:00\", \"season\": 1, \"lseason\": 0}, \"WrestleData\": {\"lrank\": [], \"sTime\": \"2024-11-01T00:00:00+08:00\", \"season\": 1}, \"crossServerId\": 1}', '2024-11-02 13:36:00.002', 1);

-- --------------------------------------------------------

--
-- 表的结构 `_prisma_migrations`
--

CREATE TABLE `_prisma_migrations` (
  `id` varchar(36) COLLATE utf8mb4_unicode_ci NOT NULL,
  `checksum` varchar(64) COLLATE utf8mb4_unicode_ci NOT NULL,
  `finished_at` datetime(3) DEFAULT NULL,
  `migration_name` varchar(255) COLLATE utf8mb4_unicode_ci NOT NULL,
  `logs` text COLLATE utf8mb4_unicode_ci,
  `rolled_back_at` datetime(3) DEFAULT NULL,
  `started_at` datetime(3) NOT NULL DEFAULT CURRENT_TIMESTAMP(3),
  `applied_steps_count` int UNSIGNED NOT NULL DEFAULT '0'
) ENGINE=MyISAM DEFAULT CHARSET=utf8mb4 COLLATE=utf8mb4_unicode_ci;

--
-- 转存表中的数据 `_prisma_migrations`
--

INSERT INTO `_prisma_migrations` (`id`, `checksum`, `finished_at`, `migration_name`, `logs`, `rolled_back_at`, `started_at`, `applied_steps_count`) VALUES
('38049014-33a8-4e6c-8520-0fdfef94ebe3', '942e07df92ccbbe0a937bc50fbe615d12348698493a134251cb1e84caa14fa15', '2024-11-01 01:24:00.946', '20230811035053_prisma1_change', NULL, NULL, '2024-11-01 01:24:00.926', 1),
('420a65cb-bd37-4767-81d1-de5c26c12738', '6da7792a2395da8b070febcbab566b89ebb4fc96f20bd9130060366d44c058c2', '2024-11-01 01:24:01.075', '20230923070452_prisma1_change', NULL, NULL, '2024-11-01 01:24:01.052', 1),
('5f80dec2-1736-4998-8716-ec50b5eec6da', 'ea9b438d430894ada5bc48e58a9d40b419a65aea02477d7c7eb70a0287f80b9c', '2024-11-01 01:24:00.924', '20230703054413_prisma1_init', NULL, NULL, '2024-11-01 01:24:00.805', 1),
('62bffe30-716f-41c8-b759-5ea1e0f96a57', '12bb5202dba90f78f535849725a0caef897bda4df9f74c575516dd7e45b5db44', '2024-11-01 01:24:01.212', '20231031021308_prisma1_change', NULL, NULL, '2024-11-01 01:24:01.129', 1),
('71fb4bb2-7459-438f-b58a-d3860481ecbb', 'd41dba6a376d67a4d49816aef3581a1e5f567bfc5f5167cd1b349737900ae65e', '2024-11-01 01:24:01.126', '20231008034905_prisma1_change', NULL, NULL, '2024-11-01 01:24:01.078', 1),
('886a9faa-62ac-4c8c-ae6a-8773be83d368', '7951db55a2a8cd91cd6da774e1779837b516aaf10f36b01bbe9f70b5bfe1adec', '2024-11-01 01:24:01.266', '20231205083445_prisma1_change', NULL, NULL, '2024-11-01 01:24:01.214', 1),
('b59bfc22-643a-486f-8e0d-c0747710b831', '7cf8aceaf544aba5ccee0f1fb6705fc434cbc15a76049456b488cca701072288', '2024-11-01 01:24:01.342', '20240109070213_prisma1_change', NULL, NULL, '2024-11-01 01:24:01.311', 1),
('df7c463b-4019-4338-960e-a19c326a974e', '0bc786e0d47f8e8a2b21ba86b60dae71dee51f6115cdf7579fd6010775a00741', '2024-11-01 01:24:01.049', '20230919103405_prisma1_change', NULL, NULL, '2024-11-01 01:24:00.949', 1),
('e04a8684-f4aa-48ec-9691-e1f1c5ebf2dc', 'ed3da94c176ca70a0691fa579999720f1dee018b18fe1040f22357a6a6cc38ed', '2024-11-01 01:24:01.307', '20231223054605_prisma1_change', NULL, NULL, '2024-11-01 01:24:01.268', 1),
('efe5f08b-eb84-4a84-bfb8-fa772b1e4932', '7d1b3094a7cc7b865ee125b15593dd2082b98c9a1fbae32c031aa0c0696c2408', '2024-11-01 01:24:01.366', '20240110081844_prisma1_change', NULL, NULL, '2024-11-01 01:24:01.344', 1);

--
-- 转储表的索引
--

--
-- 表的索引 `arenalog`
--
ALTER TABLE `arenalog`
  ADD PRIMARY KEY (`id`),
  ADD KEY `ArenaLog_serverid_seasonid_state_idx` (`serverid`,`seasonid`,`state`);

--
-- 表的索引 `arenarank`
--
ALTER TABLE `arenarank`
  ADD PRIMARY KEY (`id`),
  ADD KEY `ArenaRank_serverid_p_idx` (`serverid`,`p`);

--
-- 表的索引 `chatlog`
--
ALTER TABLE `chatlog`
  ADD PRIMARY KEY (`id`),
  ADD KEY `ChatLog_serverid_createdAt_idx` (`serverid`,`createdAt`),
  ADD KEY `ChatLog_serverid_sender_createdAt_idx` (`serverid`,`sender`,`createdAt`);

--
-- 表的索引 `crossarenalog`
--
ALTER TABLE `crossarenalog`
  ADD PRIMARY KEY (`id`),
  ADD KEY `CrossArenaLog_crossServerid_seasonid_state_idx` (`crossServerid`,`seasonid`,`state`);

--
-- 表的索引 `email`
--
ALTER TABLE `email`
  ADD PRIMARY KEY (`id`),
  ADD KEY `Email_serverid_owner_time_state_idx` (`serverid`,`owner`,`time`,`state`);

--
-- 表的索引 `gamerank`
--
ALTER TABLE `gamerank`
  ADD PRIMARY KEY (`id`),
  ADD KEY `GameRank_type_serverid_roleid_idx` (`type`,`serverid`,`roleid`),
  ADD KEY `GameRank_type_serverid_val_idx` (`type`,`serverid`,`val`);

--
-- 表的索引 `guild`
--
ALTER TABLE `guild`
  ADD PRIMARY KEY (`id`),
  ADD UNIQUE KEY `Guild_guildid_key` (`guildid`),
  ADD KEY `Guild_serverid_crossServerid_guildid_name_idx` (`serverid`,`crossServerid`,`guildid`,`name`);

--
-- 表的索引 `role`
--
ALTER TABLE `role`
  ADD PRIMARY KEY (`id`),
  ADD KEY `Role_userid_idx` (`userid`),
  ADD KEY `Role_serverid_userid_idx` (`serverid`,`userid`);

--
-- 表的索引 `roleequip`
--
ALTER TABLE `roleequip`
  ADD PRIMARY KEY (`id`);

--
-- 表的索引 `rolehero`
--
ALTER TABLE `rolehero`
  ADD PRIMARY KEY (`id`);

--
-- 表的索引 `roleinfo`
--
ALTER TABLE `roleinfo`
  ADD PRIMARY KEY (`id`);

--
-- 表的索引 `roleitem`
--
ALTER TABLE `roleitem`
  ADD PRIMARY KEY (`id`);

--
-- 表的索引 `serverinfo`
--
ALTER TABLE `serverinfo`
  ADD PRIMARY KEY (`id`),
  ADD KEY `ServerInfo_serverid_idx` (`serverid`);

--
-- 表的索引 `_prisma_migrations`
--
ALTER TABLE `_prisma_migrations`
  ADD PRIMARY KEY (`id`);

--
-- 在导出的表使用AUTO_INCREMENT
--

--
-- 使用表AUTO_INCREMENT `arenalog`
--
ALTER TABLE `arenalog`
  MODIFY `id` int UNSIGNED NOT NULL AUTO_INCREMENT, AUTO_INCREMENT=2;

--
-- 使用表AUTO_INCREMENT `chatlog`
--
ALTER TABLE `chatlog`
  MODIFY `id` int UNSIGNED NOT NULL AUTO_INCREMENT, AUTO_INCREMENT=3;

--
-- 使用表AUTO_INCREMENT `crossarenalog`
--
ALTER TABLE `crossarenalog`
  MODIFY `id` int UNSIGNED NOT NULL AUTO_INCREMENT;

--
-- 使用表AUTO_INCREMENT `gamerank`
--
ALTER TABLE `gamerank`
  MODIFY `id` int UNSIGNED NOT NULL AUTO_INCREMENT, AUTO_INCREMENT=14;

--
-- 使用表AUTO_INCREMENT `guild`
--
ALTER TABLE `guild`
  MODIFY `id` int UNSIGNED NOT NULL AUTO_INCREMENT, AUTO_INCREMENT=2;

--
-- 使用表AUTO_INCREMENT `serverinfo`
--
ALTER TABLE `serverinfo`
  MODIFY `id` int NOT NULL AUTO_INCREMENT, AUTO_INCREMENT=4;
COMMIT;

/*!40101 SET CHARACTER_SET_CLIENT=@OLD_CHARACTER_SET_CLIENT */;
/*!40101 SET CHARACTER_SET_RESULTS=@OLD_CHARACTER_SET_RESULTS */;
/*!40101 SET COLLATION_CONNECTION=@OLD_COLLATION_CONNECTION */;
